date_iso,plant_key,energy_kwh,irradiance_kwh_m2,irradiance_source,pr,pr_confidence,capacity_factor,capacity_factor_confidence,inverters_reporting,inverters_with_reboot,notes,written_at_utc,pr_stc,specific_yield,availability,soiling_loss_pct,data_class,cloud_coverage_pct,expected_kwh,production_pct,status_note,design_kwh,billable_kwh
2026-08-15,SLP1,977.4,6.9964,shinemaster_history,0.7362,HIGH,0.2707,HIGH,2,0,,2026-08-16T12:00:13+00:00,0.7979,5.1506,1,0.1022,full,21.498,992.79,0.9816,energy corrected from vendor daily counter (was 974.5) | synced from PG at the 2026-08 close (energy+billable = reconciled basis),803.6,977.4
2026-08-15,SLP2,1343.9,6.7906,shinemaster_history,0.6609,HIGH,0.2101,MEDIUM,2,1,1 inverter(s) detected mid-day reboots; energy total uses max() instead of last(),2026-08-16T12:00:15+00:00,0.7066,4.4876,0.8421,0.2037,full,17.5159,1418.95,0.8811,energy corrected from vendor daily counter (was 1250.3) | synced from PG at the 2026-08 close (energy+billable = reconciled basis),1556.5,1343.9
2026-08-15,GTO1,3918.4,5.4837,shinemaster_history,0.8714,HIGH,0.2396,HIGH,6,0,,2026-08-16T12:00:18+00:00,0.9666,4.7788,1,0.0318,full,35.0759,3365.61,1.1619,energy corrected from vendor daily counter (was 3910.6) | synced from PG at the 2026-08 close (energy+billable = reconciled basis),4241,3918.4
2026-08-15,MEX1,3140.55,6.5688,shinemaster_history,0.8137,HIGH,0.2904,HIGH,3,0,,2026-08-16T12:00:20+00:00,0.8704,5.3453,1,0.0196,full,67.2743,2890.49,1.085,Above plan (108% of expected). | synced from PG at the 2026-08 close (energy+billable = reconciled basis),2897.3,3140.55
2026-08-15,NL1,3070.4,6.2189,shinemaster_history,0.7976,HIGH,0.2573,HIGH,4,0,,2026-08-16T12:00:22+00:00,0.8635,4.9602,1,0.1943,full,50.8914,2879.66,1.0635,energy corrected from vendor daily counter (was 3062.4) | synced from PG at the 2026-08 close (energy+billable = reconciled basis),3240.2,3070.4
2026-08-15,MEX2,3297.32,6.5688,shinemaster_history,0.8223,HIGH,0.305,HIGH,3,0,,2026-08-16T12:00:24+00:00,0.8797,5.4012,1,0.0438,full,67.2743,3004.44,1.0963,Above plan (110% of expected). | synced from PG at the 2026-08 close (energy+billable = reconciled basis),2838.3,3297.32
2026-08-15,MEX3,804.7,6.5688,shinemaster_history,0.7894,HIGH,0.27,HIGH,1,0,,2026-08-16T12:00:26+00:00,0.8446,5.1852,1,0.0713,full,60.9152,763.52,1.0525,energy corrected from vendor daily counter (was 803.6),805.4,803.6
2026-08-15,NL2,1087.6,6.2189,shinemaster_history,0.5207,HIGH,0.1508,HIGH,2,0,,2026-08-16T12:00:27+00:00,0.5637,3.2381,1,0.3874,full,55.9238,1563.43,0.6942,energy corrected from vendor daily counter (was 1085.4),1727.2,1085.4
2026-08-15,GTO2,1658.265,6.4417,shinemaster_history,0.3503,HIGH,0.132,LOW,3,0,,2026-08-16T12:00:30+00:00,0.3772,2.2568,0.75,0.5879,full,85.6184,2713.24,0.4671,energy corrected from vendor daily counter (was 1267.4),3020.7,1267.42
2026-08-16,SLP1,873,6.6724,shinemaster_history,0.6865,HIGH,0.2408,HIGH,2,0,,2026-08-17T12:00:12+00:00,0.7483,4.5809,1,0.1628,full,19.5176,946.81,0.9154,energy corrected from vendor daily counter (was 866.7) | synced from PG at the 2026-08 close (energy+billable = reconciled basis),803.6,873
2026-08-16,SLP2,1455,7.3394,shinemaster_history,0.7073,HIGH,0.243,HIGH,2,0,,2026-08-17T12:00:14+00:00,0.7639,5.1915,0.8571,0.1478,full,20.5204,1533.62,0.9431,energy corrected from vendor daily counter (was 1446.4) | synced from PG at the 2026-08 close (energy+billable = reconciled basis),1556.5,1455
2026-08-16,GTO1,4637.4,6.8208,shinemaster_history,0.8253,HIGH,0.2823,HIGH,6,0,,2026-08-17T12:00:16+00:00,0.9279,5.6293,1,0.083,full,54.4336,4186.25,1.1004,energy corrected from vendor daily counter (was 4606.6) | synced from PG at the 2026-08 close (energy+billable = reconciled basis),4241,4637.4
2026-08-16,MEX1,2981.45,6.3024,shinemaster_history,0.8058,HIGH,0.2759,HIGH,3,0,,2026-08-17T12:00:17+00:00,0.8703,5.0787,1,0.0292,full,40.7148,2773.26,1.0745,Above plan (107% of expected). | synced from PG at the 2026-08 close (energy+billable = reconciled basis),2897.3,2981.45
2026-08-16,NL1,3637.6,7.3683,shinemaster_history,0.7964,HIGH,0.3044,HIGH,4,0,,2026-08-17T12:00:19+00:00,0.8656,5.8683,1,0.1956,full,24.9523,3411.89,1.0619,energy corrected from vendor daily counter (was 3623.1) | synced from PG at the 2026-08 close (energy+billable = reconciled basis),3240.2,3637.6
2026-08-16,MEX2,2900.67,6.3024,shinemaster_history,0.7545,HIGH,0.2685,HIGH,3,0,,2026-08-17T12:00:21+00:00,0.815,4.7551,1,0.1227,full,40.7148,2882.59,1.006,On plan (101% of expected) — est. soiling/drift loss 12% | synced from PG at the 2026-08 close (energy+billable = reconciled basis),2838.3,2900.67
2026-08-16,MEX3,774.6,6.3024,shinemaster_history,0.793,HIGH,0.2603,HIGH,1,0,,2026-08-17T12:00:23+00:00,0.8569,4.9981,1,0.0671,full,47.7338,732.56,1.0574,Above plan (106% of expected) — est. soiling/drift loss 7%,805.4,774.6
2026-08-16,NL2,1285.4,7.3683,shinemaster_history,0.5184,HIGH,0.1778,HIGH,2,0,,2026-08-17T12:00:24+00:00,0.5636,3.8198,1,0.3901,full,30.1367,1852.39,0.6912,energy corrected from vendor daily counter (was 1280.4),1727.2,1280.4
2026-08-16,GTO2,2107.351,7.0886,shinemaster_history,0.3992,HIGH,0.1655,LOW,3,0,,2026-08-17T12:00:26+00:00,0.4296,2.8299,0.75,0.5304,full,50.3568,2985.72,0.5323,energy corrected from vendor daily counter (was 1589.3),3020.7,1589.27
2026-08-17,SLP1,1053.4,7.5568,shinemaster_history,0.7293,HIGH,0.2896,HIGH,2,0,,2026-08-18T12:00:13+00:00,0.791,5.5111,1,0.1106,full,9.6909,1072.31,0.9724,energy corrected from vendor daily counter (was 1042.7) | synced from PG at the 2026-08 close (energy+billable = reconciled basis),803.6,1053.4
2026-08-17,SLP2,1664.7,8.3662,shinemaster_history,0.7084,HIGH,0.2774,HIGH,2,0,,2026-08-18T12:00:15+00:00,0.7707,5.9269,1,0.1465,full,12.4705,1748.18,0.9446,energy corrected from vendor daily counter (was 1651.3) | synced from PG at the 2026-08 close (energy+billable = reconciled basis),1556.5,1664.7
2026-08-17,GTO1,4832.1,7.1087,shinemaster_history,0.8239,HIGH,0.2937,HIGH,6,0,,2026-08-18T12:00:17+00:00,0.9273,5.8566,1,0.0846,full,35.8552,4362.95,1.0985,energy corrected from vendor daily counter (was 4792.6) | synced from PG at the 2026-08 close (energy+billable = reconciled basis),4241,4832.1
2026-08-17,MEX1,3322.32,6.7147,shinemaster_history,0.8417,HIGH,0.307,HIGH,3,0,,2026-08-18T12:00:19+00:00,0.903,5.6515,1,0,full,52.4973,2954.69,1.1222,Above plan (112% of expected). | synced from PG at the 2026-08 close (energy+billable = reconciled basis),2897.3,3322.32
2026-08-17,NL1,3770.6,7.6454,shinemaster_history,0.7914,HIGH,0.3138,HIGH,4,0,,2026-08-18T12:00:21+00:00,0.8643,6.0502,1,0.2006,full,16.6781,3540.2,1.0551,energy corrected from vendor daily counter (was 3735.4) | synced from PG at the 2026-08 close (energy+billable = reconciled basis),3240.2,3770.6
2026-08-17,MEX2,3361.28,6.7147,shinemaster_history,0.8196,HIGH,0.3108,HIGH,3,0,,2026-08-18T12:00:23+00:00,0.8793,5.5034,1,0.047,full,52.4973,3071.17,1.0928,Above plan (109% of expected). | synced from PG at the 2026-08 close (energy+billable = reconciled basis),2838.3,3361.28
2026-08-17,MEX3,832.1,6.7147,shinemaster_history,0.7979,HIGH,0.279,HIGH,1,0,,2026-08-18T12:00:25+00:00,0.8557,5.3575,1,0.0613,full,55.1531,780.48,1.0638,energy corrected from vendor daily counter (was 830.3),805.4,830.3
2026-08-17,NL2,1091.6,7.6454,shinemaster_history,0.4232,HIGH,0.1506,HIGH,2,0,,2026-08-18T12:00:26+00:00,0.4621,3.2354,1,0.5021,full,19.1014,1922.05,0.5642,energy corrected from vendor daily counter (was 1084.5),1727.2,1084.5
2026-08-17,GTO2,2262.141,7.9011,shinemaster_history,0.3797,HIGH,0.1755,LOW,3,0,,2026-08-18T12:00:30+00:00,0.4087,2.9997,0.75,0.5533,full,72.3111,3327.94,0.5062,energy corrected from vendor daily counter (was 1684.6),3020.7,1684.62
2026-08-18,SLP1,1112.1,7.9212,shinemaster_history,0.6638,HIGH,0.2763,HIGH,2,0,,2026-08-19T12:00:15+00:00,0.7218,5.2579,1,,partial,7.9988,1124.02,,energy corrected from vendor daily counter (was 994.8) | synced from PG at the 2026-08 close (energy+billable = reconciled basis),803.6,1112.1
2026-08-18,SLP2,1710,8.4345,shinemaster_history,0.669,HIGH,0.2641,HIGH,2,0,,2026-08-19T12:00:17+00:00,0.7297,5.643,1,,partial,9.7508,1762.45,,energy corrected from vendor daily counter (was 1572.2) | synced from PG at the 2026-08 close (energy+billable = reconciled basis),1556.5,1710
2026-08-18,GTO1,4926.5,7.314,shinemaster_history,0.7681,HIGH,0.2817,HIGH,6,0,,2026-08-19T12:00:19+00:00,0.8727,5.6178,1,,partial,17.8572,4488.95,,energy corrected from vendor daily counter (was 4597.2) | synced from PG at the 2026-08 close (energy+billable = reconciled basis),4241,4926.5
2026-08-18,MEX1,3106.23,6.3954,shinemaster_history,0.8152,HIGH,0.2832,HIGH,3,0,,2026-08-19T12:00:21+00:00,0.8735,5.2134,1,,partial,37.0422,2814.18,,energy corrected from vendor daily counter (was 3058.8) | synced from PG at the 2026-08 close (energy+billable = reconciled basis),2897.3,3106.23
2026-08-18,NL1,3670,7.4,shinemaster_history,0.7608,HIGH,0.292,HIGH,4,0,,2026-08-19T12:00:23+00:00,0.8254,5.6296,1,,partial,28.0947,3426.57,,energy corrected from vendor daily counter (was 3475.7) | synced from PG at the 2026-08 close (energy+billable = reconciled basis),3240.2,3670
2026-08-18,MEX2,3095.5,6.3954,shinemaster_history,0.7822,HIGH,0.2825,HIGH,3,0,,2026-08-19T12:00:25+00:00,0.8383,5.0022,1,,partial,37.0422,2925.13,,energy corrected from vendor daily counter (was 3050.5) | synced from PG at the 2026-08 close (energy+billable = reconciled basis),2838.3,3095.5
2026-08-18,MEX3,797,6.3954,shinemaster_history,0.7924,HIGH,0.2639,HIGH,1,0,,2026-08-19T12:00:27+00:00,0.8474,5.0678,1,,partial,48.822,743.37,,energy corrected from vendor daily counter (was 785.4),805.4,785.4
2026-08-18,NL2,1241.2,7.4,shinemaster_history,0.4707,HIGH,0.1622,HIGH,2,0,,2026-08-19T12:00:29+00:00,0.5106,3.483,1,,partial,31.6841,1860.36,,energy corrected from vendor daily counter (was 1167.5),1727.2,1167.5
2026-08-18,GTO2,1625.106,7.8312,shinemaster_history,0.2694,HIGH,0.1234,LOW,3,0,,2026-08-19T12:00:31+00:00,0.2975,2.1101,0.75,,partial,73.1032,3298.5,,energy corrected from vendor daily counter (was 1185.0),3020.7,1185.02
2026-08-19,SLP1,904.1,6.7308,shinemaster_history,0.6888,HIGH,0.2437,HIGH,2,0,,2026-08-20T12:00:14+00:00,0.7375,4.6364,0.9286,,partial,25.8579,955.1,,energy corrected from vendor daily counter (was 877.2) | synced from PG at the 2026-08 close (energy+billable = reconciled basis),803.6,904.1
2026-08-19,SLP2,1406.5,6.6665,shinemaster_history,0.7386,HIGH,0.2305,HIGH,2,0,,2026-08-20T12:00:16+00:00,0.7875,4.9237,0.7083,,partial,24.4757,1393.02,,energy corrected from vendor daily counter (was 1371.8) | synced from PG at the 2026-08 close (energy+billable = reconciled basis),1556.5,1406.5
2026-08-19,GTO1,4842,7.0104,shinemaster_history,0.8318,HIGH,0.2924,HIGH,6,0,,2026-08-20T12:00:19+00:00,0.9409,5.8315,0.5714,,partial,25.5847,4302.62,,energy corrected from vendor daily counter (was 4772.1) | synced from PG at the 2026-08 close (energy+billable = reconciled basis),4241,4842
2026-08-19,MEX1,2405.24,4.4369,shinemaster_history,0.9069,HIGH,0.2186,HIGH,3,0,,2026-08-20T12:00:21+00:00,0.9765,4.0239,1,,partial,35.8894,1952.38,,energy corrected from vendor daily counter (was 2360.9) | synced from PG at the 2026-08 close (energy+billable = reconciled basis),2897.3,2405.24
2026-08-19,NL1,3179.9,6.3395,shinemaster_history,0.7997,HIGH,0.2629,HIGH,4,0,,2026-08-20T12:00:24+00:00,0.8677,5.0695,0.5357,,partial,24.1415,2935.51,,energy corrected from vendor daily counter (was 3129.9) | synced from PG at the 2026-08 close (energy+billable = reconciled basis),3240.2,3179.9
2026-08-19,MEX2,2365.12,4.4369,shinemaster_history,0.8577,HIGH,0.2149,HIGH,3,0,,2026-08-20T12:00:26+00:00,0.9235,3.8056,1,,partial,35.8894,2029.35,,energy corrected from vendor daily counter (was 2320.8) | synced from PG at the 2026-08 close (energy+billable = reconciled basis),2838.3,2365.12
2026-08-19,MEX3,614.7,4.4369,shinemaster_history,0.8772,HIGH,0.2027,HIGH,1,0,,2026-08-20T12:00:27+00:00,0.9443,3.8921,1,,partial,53.2657,515.72,,energy corrected from vendor daily counter (was 603.2),805.4,603.2
2026-08-19,NL2,1195.7,6.3395,shinemaster_history,0.5542,HIGH,0.1636,HIGH,2,0,,2026-08-20T12:00:31+00:00,0.5982,3.5134,0.8958,,partial,23.5496,1593.75,,energy corrected from vendor daily counter (was 1177.7),1727.2,1177.7
2026-08-19,GTO2,1691.3,7.2626,shinemaster_history,0.3113,HIGH,0.1323,LOW,3,0,,2026-08-20T12:00:34+00:00,0.3397,2.261,0.75,,partial,99.6771,3059.01,,energy corrected from vendor daily counter (was 1269.8),3020.7,1269.75
2026-08-20,SLP1,832.2,5.4872,shinemaster_history,0.6436,HIGH,0.1856,HIGH,2,0,,2026-08-21T12:00:13+00:00,0.6991,3.5317,1,,partial,46.394,778.63,,energy corrected from vendor daily counter (was 668.2) | synced from PG at the 2026-08 close (energy+billable = reconciled basis),803.6,832.2
2026-08-20,SLP2,1244.2,5.9907,shinemaster_history,0.6119,HIGH,0.1716,HIGH,2,0,,2026-08-21T12:00:15+00:00,0.6582,3.6657,0.8333,,partial,44.8687,1251.8,,energy corrected from vendor daily counter (was 1021.3) | synced from PG at the 2026-08 close (energy+billable = reconciled basis),1556.5,1244.2
2026-08-20,GTO1,4833,7.1409,shinemaster_history,0.712,HIGH,0.2549,HIGH,6,0,,2026-08-21T12:00:18+00:00,0.8095,5.084,1,,partial,67.1851,4382.71,,energy corrected from vendor daily counter (was 4160.4) | synced from PG at the 2026-08 close (energy+billable = reconciled basis),4241,4833
2026-08-20,MEX1,2269.34,4.9334,shinemaster_history,0.7645,HIGH,0.2049,HIGH,3,0,,2026-08-21T12:00:20+00:00,0.8187,3.7718,1,,partial,81.7084,2170.86,,energy corrected from vendor daily counter (was 2212.9) | synced from PG at the 2026-08 close (energy+billable = reconciled basis),2897.3,2269.34
2026-08-20,NL1,3108.8,6.578,shinemaster_history,0.7193,HIGH,0.2454,HIGH,4,0,,2026-08-21T12:00:22+00:00,0.784,4.7318,0.5,,partial,22.9943,3045.94,,energy corrected from vendor daily counter (was 2921.4) | synced from PG at the 2026-08 close (energy+billable = reconciled basis),3240.2,3108.8
2026-08-20,MEX2,2463.71,4.9334,shinemaster_history,0.8037,HIGH,0.2239,HIGH,3,0,,2026-08-21T12:00:24+00:00,0.8592,3.9648,1,,partial,81.7084,2256.44,,energy corrected from vendor daily counter (was 2417.9) | synced from PG at the 2026-08 close (energy+billable = reconciled basis),2838.3,2463.71
2026-08-20,MEX3,580.2,4.9334,shinemaster_history,0.7405,HIGH,0.1903,HIGH,1,0,,2026-08-21T12:00:26+00:00,0.7917,3.6534,1,,partial,86.5932,573.43,,energy corrected from vendor daily counter (was 566.2),805.4,566.2
2026-08-20,NL2,954.6,6.578,shinemaster_history,0.4146,HIGH,0.127,HIGH,2,0,,2026-08-21T12:00:28+00:00,0.4518,2.727,1,,partial,20.8706,1653.71,,energy corrected from vendor daily counter (was 914.1),1727.2,914.1
2026-08-20,GTO2,1629.641,6.0088,shinemaster_history,0.289,HIGH,0.1016,LOW,3,0,,2026-08-21T12:00:30+00:00,0.3138,1.7366,0.75,,partial,94.2345,2530.91,,energy corrected from vendor daily counter (was 975.3),3020.7,975.3
2026-08-21,SLP1,1085.1,7.7293,shinemaster_history,0.5915,HIGH,0.2403,HIGH,2,0,,2026-08-22T12:00:12+00:00,0.6436,4.5719,1,,partial,54.848,1096.79,,energy corrected from vendor daily counter (was 865.0) | synced from PG at the 2026-08 close (energy+billable = reconciled basis),803.6,1085.1
2026-08-21,SLP2,1636.8,8.0925,shinemaster_history,0.4915,HIGH,0.1862,MEDIUM,2,1,1 inverter(s) detected mid-day reboots; energy total uses max() instead of last(),2026-08-22T12:00:14+00:00,0.5349,3.9772,1,,partial,50.604,1690.99,,energy corrected from vendor daily counter (was 1219.4) | synced from PG at the 2026-08 close (energy+billable = reconciled basis),1556.5,1636.8
2026-08-21,GTO1,3111.6,4.2896,shinemaster_history,0.8674,HIGH,0.1866,HIGH,6,0,,2026-08-22T12:00:16+00:00,0.9541,3.7207,1,,partial,88.4281,2632.73,,energy corrected from vendor daily counter (was 3044.8) | synced from PG at the 2026-08 close (energy+billable = reconciled basis),4241,3111.6
2026-08-21,MEX1,2184.83,4.1586,shinemaster_history,0.8658,HIGH,0.1956,HIGH,3,0,,2026-08-22T12:00:18+00:00,0.9049,3.6007,1,,partial,85.7696,1829.92,,energy corrected from vendor daily counter (was 2112.6) | synced from PG at the 2026-08 close (energy+billable = reconciled basis),2897.3,2184.83
2026-08-21,NL1,3089.5,6.5678,shinemaster_history,0.6464,HIGH,0.2202,HIGH,4,0,,2026-08-22T12:00:19+00:00,0.7136,4.2454,1,,partial,54.0763,3041.22,,energy corrected from vendor daily counter (was 2621.1) | synced from PG at the 2026-08 close (energy+billable = reconciled basis),3240.2,3089.5
2026-08-21,MEX2,2361.54,4.1586,shinemaster_history,0.902,HIGH,0.2118,HIGH,3,0,,2026-08-22T12:00:21+00:00,0.9426,3.751,1,,partial,85.7696,1902.06,,energy corrected from vendor daily counter (was 2287.5) | synced from PG at the 2026-08 close (energy+billable = reconciled basis),2838.3,2361.54
2026-08-21,MEX3,574.6,4.1586,shinemaster_history,0.8597,HIGH,0.1862,HIGH,1,0,,2026-08-22T12:00:23+00:00,0.8985,3.5753,1,,partial,83.6053,483.37,,energy corrected from vendor daily counter (was 554.1),805.4,554.1
2026-08-21,NL2,781.2,6.5678,shinemaster_history,0.3147,HIGH,0.0962,HIGH,2,0,,2026-08-22T12:00:24+00:00,0.3474,2.0671,1,,partial,59.0167,1651.14,,energy corrected from vendor daily counter (was 692.9),1727.2,692.9
2026-08-21,GTO2,1607.72,6.5574,shinemaster_history,0.2983,HIGH,0.1144,LOW,3,0,,2026-08-22T12:00:27+00:00,0.3266,1.9561,0.75,,partial,98.4107,2761.98,,energy corrected from vendor daily counter (was 1098.5),3020.7,1098.52
2026-08-22,SLP1,877.8,6.3155,shinemaster_history,0.6347,HIGH,0.2107,HIGH,2,0,,2026-08-23T12:00:13+00:00,0.6922,4.0085,1,,partial,62.6208,896.17,,energy corrected from vendor daily counter (was 758.4) | synced from PG at the 2026-08 close (energy+billable = reconciled basis),803.6,877.8
2026-08-22,SLP2,1317.9,6.3445,shinemaster_history,0.6536,HIGH,0.1941,HIGH,2,0,,2026-08-23T12:00:14+00:00,0.7043,4.147,1,,partial,57.6599,1325.73,,energy corrected from vendor daily counter (was 1155.4) | synced from PG at the 2026-08 close (energy+billable = reconciled basis),1556.5,1317.9
2026-08-22,GTO1,3644.1,4.9961,shinemaster_history,0.7685,HIGH,0.1925,MEDIUM,6,1,1 inverter(s) detected mid-day reboots; energy total uses max() instead of last(),2026-08-23T12:00:17+00:00,0.8419,3.8394,1,,partial,97.8143,3066.34,,energy corrected from vendor daily counter (was 3575.5) | synced from PG at the 2026-08 close (energy+billable = reconciled basis),4241,3644.1
2026-08-22,MEX1,2201.12,4.3726,shinemaster_history,0.8506,HIGH,0.202,HIGH,3,0,,2026-08-23T12:00:18+00:00,0.8955,3.7192,1,,partial,92.7826,1924.09,,Partial data day — daily figures not comparable. | synced from PG at the 2026-08 close (energy+billable = reconciled basis),2897.3,2201.12
2026-08-22,NL1,3623.5,7.5717,shinemaster_history,0.6856,HIGH,0.2693,HIGH,4,0,,2026-08-23T12:00:20+00:00,0.757,5.1914,0.3864,,partial,25.3559,3506.08,,energy corrected from vendor daily counter (was 3205.2) | synced from PG at the 2026-08 close (energy+billable = reconciled basis),3240.2,3623.5
2026-08-22,MEX2,2342.02,4.3726,shinemaster_history,0.8729,HIGH,0.2155,HIGH,3,0,,2026-08-23T12:00:22+00:00,0.9191,3.8167,1,,partial,92.7826,1999.94,,Partial data day — daily figures not comparable. | synced from PG at the 2026-08 close (energy+billable = reconciled basis),2838.3,2342.02
2026-08-22,MEX3,552.1,4.3726,shinemaster_history,0.8087,HIGH,0.1841,HIGH,1,0,,2026-08-23T12:00:24+00:00,0.8515,3.5359,1,,partial,93.8437,508.25,,energy corrected from vendor daily counter (was 548.0),805.4,548
2026-08-22,NL2,1226,7.5717,shinemaster_history,0.4379,HIGH,0.1543,HIGH,2,0,,2026-08-23T12:00:26+00:00,0.4768,3.3153,1,,partial,23.2075,1903.53,,energy corrected from vendor daily counter (was 1111.3),1727.2,1111.3
2026-08-22,GTO2,1208.604,5.2817,shinemaster_history,0.2971,HIGH,0.0918,LOW,3,0,,2026-08-23T12:00:28+00:00,0.3213,1.5691,0.75,,partial,85.01,2224.65,,energy corrected from vendor daily counter (was 881.2),3020.7,881.22
2026-08-23,SLP1,961.4,6.3814,shinemaster_history,0.6648,HIGH,0.223,HIGH,2,0,,2026-08-24T12:00:14+00:00,0.7275,4.2426,1,,partial,50.2256,905.52,,energy corrected from vendor daily counter (was 802.7) | synced from PG at the 2026-08 close (energy+billable = reconciled basis),803.6,961.4
2026-08-23,SLP2,1482.6,7.2656,shinemaster_history,0.6026,HIGH,0.2049,HIGH,2,0,,2026-08-24T12:00:16+00:00,0.659,4.3782,0.75,,partial,44.2159,1518.2,,energy corrected from vendor daily counter (was 1219.8) | synced from PG at the 2026-08 close (energy+billable = reconciled basis),1556.5,1482.6
2026-08-23,GTO1,4194.6,6.3322,shinemaster_history,0.6507,HIGH,0.2066,HIGH,6,0,,2026-08-24T12:00:18+00:00,0.7233,4.1205,1,,partial,61.5238,3886.37,,energy corrected from vendor daily counter (was 3371.9) | synced from PG at the 2026-08 close (energy+billable = reconciled basis),4241,4194.6
2026-08-23,MEX1,1926.13,3.3849,shinemaster_history,0.8512,HIGH,0.1565,HIGH,3,0,,2026-08-24T12:00:20+00:00,0.8734,2.8811,1,,partial,97.5364,1489.47,,energy corrected from vendor daily counter (was 1690.3) | synced from PG at the 2026-08 close (energy+billable = reconciled basis),2897.3,1926.13
2026-08-23,NL1,3649.1,7.7374,shinemaster_history,0.662,HIGH,0.2657,HIGH,4,0,,2026-08-24T12:00:21+00:00,0.7278,5.1223,1,,partial,8.3433,3582.8,,energy corrected from vendor daily counter (was 3162.5) | synced from PG at the 2026-08 close (energy+billable = reconciled basis),3240.2,3649.1
2026-08-23,MEX2,1915.35,3.3849,shinemaster_history,0.8081,HIGH,0.1545,HIGH,3,0,,2026-08-24T12:00:23+00:00,0.8293,2.7353,1,,partial,97.5364,1548.19,,energy corrected from vendor daily counter (was 1668.1) | synced from PG at the 2026-08 close (energy+billable = reconciled basis),2838.3,1915.35
2026-08-23,MEX3,476,3.3849,shinemaster_history,0.7951,HIGH,0.1402,HIGH,1,0,,2026-08-24T12:00:25+00:00,0.8157,2.6913,1,,partial,98.7137,393.44,,energy corrected from vendor daily counter (was 417.1),805.4,417.1
2026-08-23,NL2,1252.4,7.7374,shinemaster_history,0.4328,HIGH,0.1559,HIGH,2,0,,2026-08-24T12:00:27+00:00,0.4765,3.3484,1,,partial,7.3727,1945.18,,energy corrected from vendor daily counter (was 1122.4),1727.2,1122.4
2026-08-23,GTO2,1430.213,4.289,shinemaster_history,0.3345,HIGH,0.0839,LOW,3,0,,2026-08-24T12:00:29+00:00,0.3463,1.4348,0.75,,partial,94.5429,1806.53,,energy corrected from vendor daily counter (was 805.8),3020.7,805.81
2026-08-24,SLP1,486.2,3.1655,shinemaster_history,0.5532,HIGH,0.092,HIGH,2,0,,2026-08-25T12:00:12+00:00,0.5629,1.7511,1,,partial,81.8148,449.18,,energy corrected from vendor daily counter (was 331.3) | synced from PG at the 2026-08 close (energy+billable = reconciled basis),803.6,486.2
2026-08-24,SLP2,709.9,3.1827,shinemaster_history,0.5837,HIGH,0.087,HIGH,2,0,,2026-08-25T12:00:14+00:00,0.594,1.8578,1,,partial,84.2868,665.05,,energy corrected from vendor daily counter (was 517.6) | synced from PG at the 2026-08 close (energy+billable = reconciled basis),1556.5,709.9
2026-08-24,GTO1,3006.9,4.1932,shinemaster_history,0.8189,HIGH,0.1722,HIGH,6,0,,2026-08-25T12:00:16+00:00,0.8909,3.4337,1,,partial,37.9799,2573.57,,energy corrected from vendor daily counter (was 2809.9) | synced from PG at the 2026-08 close (energy+billable = reconciled basis),4241,3006.9
2026-08-24,MEX1,1552.43,2.2143,shinemaster_history,0.9294,HIGH,0.1118,HIGH,3,0,,2026-08-25T12:00:18+00:00,0.9557,2.0579,1,,partial,98.7517,974.36,,energy corrected from vendor daily counter (was 1207.4) | synced from PG at the 2026-08 close (energy+billable = reconciled basis),2897.3,1552.43
2026-08-24,NL1,3595.7,7.3891,shinemaster_history,0.673,HIGH,0.2579,HIGH,4,0,,2026-08-25T12:00:21+00:00,0.7359,4.9726,1,,partial,16.0169,3421.52,,energy corrected from vendor daily counter (was 3070.1) | synced from PG at the 2026-08 close (energy+billable = reconciled basis),3240.2,3595.7
2026-08-24,MEX2,1654.13,2.2143,shinemaster_history,1.1231,HIGH,0.1404,HIGH,3,0,,2026-08-25T12:00:22+00:00,1.1555,2.4868,1,,partial,98.7517,1012.78,,energy corrected from vendor daily counter (was 1516.6) | synced from PG at the 2026-08 close (energy+billable = reconciled basis),2838.3,1654.13
2026-08-24,MEX3,419.9,2.2143,shinemaster_history,1.1204,HIGH,0.1292,HIGH,1,0,,2026-08-25T12:00:23+00:00,1.1519,2.481,1,,partial,99.6602,257.38,,energy corrected from vendor daily counter (was 384.5),805.4,384.5
2026-08-24,NL2,1198,7.3891,shinemaster_history,0.4334,HIGH,0.1491,HIGH,2,0,,2026-08-25T12:00:26+00:00,0.4741,3.2023,1,,partial,13.2559,1857.62,,energy corrected from vendor daily counter (was 1073.4),1727.2,1073.4
2026-08-24,GTO2,1608.857,4.9348,shinemaster_history,0.3419,HIGH,0.0987,LOW,3,0,,2026-08-25T12:00:28+00:00,0.3612,1.6874,0.5,,partial,99.2247,2078.54,,energy corrected from vendor daily counter (was 947.6),3020.7,947.65
2026-08-25,SLP1,735.8,5.1757,shinemaster_history,0.0002,HIGH,0.0001,HIGH,2,0,,2026-08-26T12:00:12+00:00,0.0002,0.0011,1,,partial,89.9,734.43,,energy corrected from vendor daily counter (was 0.2) | synced from PG at the 2026-08 close (energy+billable = reconciled basis),803.6,735.8
2026-08-25,SLP2,1087.9,5.1925,shinemaster_history,0,NONE,0,NONE,2,0,,2026-08-26T12:00:14+00:00,0,0,1,,partial,89.02,1085.01,,energy corrected from vendor daily counter (was 0.0) | synced from PG at the 2026-08 close (energy+billable = reconciled basis),1556.5,1087.9
2026-08-25,GTO1,3826.8,5.3574,shinemaster_history,0,NONE,0,NONE,6,0,,2026-08-26T12:00:15+00:00,0,0,1,,partial,89.6357,3288.09,,energy corrected from vendor daily counter (was 0.0) | synced from PG at the 2026-08 close (energy+billable = reconciled basis),4241,3826.8
2026-08-25,MEX1,1667.72,0.3044,shinemaster_history,0.0029,HIGH,0,HIGH,3,0,,2026-08-26T12:00:16+00:00,0.0028,0.0009,1,,partial,92.8364,133.95,,energy corrected from vendor daily counter (was 0.5) | synced from PG at the 2026-08 close (energy+billable = reconciled basis),2897.3,1667.72
2026-08-25,NL1,3601,7.3506,shinemaster_history,0.0004,HIGH,0.0002,HIGH,4,0,,2026-08-26T12:00:17+00:00,0.0004,0.0031,1,,partial,13.76,3403.7,,energy corrected from vendor daily counter (was 1.9) | synced from PG at the 2026-08 close (energy+billable = reconciled basis),3240.2,3601
2026-08-25,MEX2,1777.13,0.3044,shinemaster_history,0.0094,HIGH,0.0002,HIGH,3,0,,2026-08-26T12:00:18+00:00,0.009,0.0029,1,,partial,92.8364,139.23,,energy corrected from vendor daily counter (was 1.7) | synced from PG at the 2026-08 close (energy+billable = reconciled basis),2838.3,1777.13
2026-08-25,MEX3,445.4,0.3044,shinemaster_history,0,NONE,0,NONE,1,0,,2026-08-26T12:00:19+00:00,0,0,1,,partial,85.22,35.38,,energy corrected from vendor daily counter (was 0.0),805.4
2026-08-25,NL2,1195.3,7.3506,shinemaster_history,0.0003,HIGH,0.0001,HIGH,2,0,,2026-08-26T12:00:20+00:00,0.0003,0.0024,1,,partial,14.84,1847.94,,energy corrected from vendor daily counter (was 0.8),1727.2,0.8
2026-08-25,GTO2,1276.954,3.0494,shinemaster_history,0,NONE,0,NONE,3,0,,2026-08-26T12:00:22+00:00,0,0,0.5,,partial,80.54,1284.41,,energy corrected from vendor daily counter (was 0.0),3020.7
2026-08-26,GTO1,4498.4,6.5189,shinemaster_history,0.8432,HIGH,0.2756,HIGH,6,0,,2026-08-27T12:00:16+00:00,0.9612,5.4968,1,0.0631,full,49.9171,3947.61,1.1395,Above plan (114% of expected) — est. soiling/drift loss 6% | synced from PG at the 2026-08 close (energy+billable = reconciled basis),4241,4498.4
2026-08-26,GTO2,1342.5700000000002,6.9695,shinemaster_history,0.343,HIGH,0.1399,LOW,3,0,,2026-08-27T12:00:19+00:00,0.3819,2.3906,0.5,0.5965,full,98.5373,2935.55,0.4573,Well below plan (46%) — inverter availability 50% — see Alerts,3020.7,1342.57
2026-08-26,MEX1,2848.33,4.1697,shinemaster_history,1.1643,HIGH,0.2637,HIGH,3,0,,2026-08-27T12:00:17+00:00,1.2586,4.8547,1,,full,95.8205,2030.52,,Sun measurement unreliable today — % of plan not computed (improves after the Pi migration).,2897.3,2848.33
2026-08-26,MEX2,2930.73,4.1697,shinemaster_history,1.1525,HIGH,0.2714,HIGH,3,0,,2026-08-27T12:00:18+00:00,1.2458,4.8057,1,,full,95.8205,2085.14,,Sun measurement unreliable today — % of plan not computed (improves after the Pi migration).,2838.3,2930.73
2026-08-26,MEX3,763.1,4.1697,shinemaster_history,1.1809,HIGH,0.2564,HIGH,1,0,,2026-08-27T12:00:18+00:00,1.2766,4.9239,1,,full,96.7496,523.44,,Sun measurement unreliable today — % of plan not computed (improves after the Pi migration).,805.4,763.1
2026-08-26,NL1,3582.6,7.4286,shinemaster_history,0.7811,HIGH,0.3009,HIGH,4,0,,2026-08-27T12:00:17+00:00,0.8649,5.8026,1,0.211,full,8.5607,3577.41,1.0014,On plan (100% of expected) — est. soiling/drift loss 21% | synced from PG at the 2026-08 close (energy+billable = reconciled basis),3240.2,3582.6
2026-08-26,NL2,1193.3000000000002,7.4286,shinemaster_history,0.4792,HIGH,0.1657,HIGH,2,0,,2026-08-27T12:00:19+00:00,0.5306,3.56,1,0.4362,full,8.981,1867.55,0.639,Well below plan (64%) — est. soiling/drift loss 44%,1727.2,1193.3
2026-08-26,SLP1,1042.2,7.3105,shinemaster_history,0.7535,HIGH,0.2895,HIGH,2,0,,2026-08-27T12:00:15+00:00,0.8335,5.5085,1,0.0811,full,19.8331,1023.53,1.0182,On plan (102% of expected) — est. soiling/drift loss 8%,803.6,1042.2
2026-08-26,SLP2,1590.8,7.888,shinemaster_history,0.7239,HIGH,0.2673,HIGH,2,0,,2026-08-27T12:00:16+00:00,0.7955,5.7098,1,0.1278,full,19.3451,1648.26,0.9651,On plan (97% of expected) — est. soiling/drift loss 13%,1556.5,1590.8
2026-08-27,SLP1,1052.4,7.3282,shinemaster_history,0.759,HIGH,0.2923,HIGH,2,0,,2026-08-28T12:00:10+00:00,0.8301,5.5618,1,0.0744,full,77.3352,1026.01,1.0256,On plan (103% of expected) — est. soiling/drift loss 7% | synced from PG at the 2026-08 close (energy+billable = reconciled basis),803.6,1052.4
2026-08-27,SLP2,1536.4,7.6957,shinemaster_history,0.7166,HIGH,0.2581,HIGH,2,0,,2026-08-28T12:00:11+00:00,0.7797,5.5145,0.5667,0.1366,full,74.0536,1608.07,0.9554,On plan (96% of expected) — inverter availability 57% — see Alerts,1556.5,1536.4
2026-08-27,GTO1,4853.4,7.3383,shinemaster_history,0.8082,HIGH,0.2974,HIGH,6,0,,2026-08-28T12:00:12+00:00,0.9191,5.9306,1,0.102,full,62.4095,4443.81,1.0921,Above plan (109% of expected) — est. soiling/drift loss 10% | synced from PG at the 2026-08 close (energy+billable = reconciled basis),4241,4853.4
2026-08-27,MEX1,2323.2,4.6705,shinemaster_history,0.8478,HIGH,0.2151,HIGH,3,0,,2026-08-28T12:00:12+00:00,0.8871,3.9597,1,0,full,98.3632,2274.39,1.0215,On plan (102% of expected).,2897.3,2323.2
2026-08-27,NL1,3534.8,7.4737,shinemaster_history,0.766,HIGH,0.2969,HIGH,4,0,,2026-08-28T12:00:13+00:00,0.8402,5.7251,1,0.2263,full,7.1974,3599.12,0.9821,On plan (98% of expected) — est. soiling/drift loss 23% | synced from PG at the 2026-08 close (energy+billable = reconciled basis),3240.2,3534.8
2026-08-27,MEX2,2512.44,4.6705,shinemaster_history,0.8821,HIGH,0.2326,HIGH,3,0,,2026-08-28T12:00:13+00:00,0.923,4.1198,1,0,full,98.3632,2335.57,1.0757,Above plan (108% of expected).,2838.3,2512.44
2026-08-27,MEX3,623.8,4.6705,shinemaster_history,0.8618,HIGH,0.2096,HIGH,1,0,,2026-08-28T12:00:14+00:00,0.9012,4.025,1,0,full,98.8648,586.31,1.0639,Above plan (106% of expected).,805.4,623.8
2026-08-27,NL2,1185.2,7.4737,shinemaster_history,0.4731,HIGH,0.1646,HIGH,2,0,,2026-08-28T12:00:15+00:00,0.5189,3.5358,1,0.4434,full,9.3788,1878.89,0.6308,Well below plan (63%) — est. soiling/drift loss 44%,1727.2,1185.2
2026-08-27,GTO2,1290.674,7.1232,shinemaster_history,0.3226,HIGH,0.1344,LOW,3,0,,2026-08-28T12:00:15+00:00,0.3493,2.2982,0.5,0.6205,full,98.8429,3000.29,0.4302,Well below plan (43%) — inverter availability 50% — see Alerts,3020.7,1290.67
2026-08-28,SLP1,980.2,6.5583,shinemaster_history,0.79,HIGH,0.2723,HIGH,2,0,,2026-08-29T12:00:09+00:00,0.8585,5.1808,1,0.0366,full,90.7899,918.21,1.0675,Above plan (107% of expected).,803.6,980.2
2026-08-28,SLP2,1450.7,7.178,shinemaster_history,0.7253,HIGH,0.2437,HIGH,2,0,,2026-08-29T12:00:10+00:00,0.7854,5.2062,1,0.1261,full,90.3305,1499.9,0.9671,On plan (97% of expected) — est. soiling/drift loss 13% | synced from PG at the 2026-08 close (energy+billable = reconciled basis),1556.5,1450.7
2026-08-28,GTO1,3949.2,5.778,shinemaster_history,0.8352,HIGH,0.242,HIGH,6,0,,2026-08-29T12:00:11+00:00,0.9194,4.8256,1,0.072,full,99.1313,3498.95,1.1286,Above plan (113% of expected) — est. soiling/drift loss 7% | synced from PG at the 2026-08 close (energy+billable = reconciled basis),4241,3949.2
2026-08-28,MEX1,2448.77,5.2701,shinemaster_history,0.792,HIGH,0.2267,HIGH,3,0,,2026-08-29T12:00:11+00:00,0.8538,4.1737,1,0.0458,full,90.9982,2566.38,0.9542,On plan (95% of expected).,2897.3,2448.77
2026-08-28,NL1,3470.9,7.2018,shinemaster_history,0.7806,HIGH,0.2916,HIGH,4,0,,2026-08-29T12:00:12+00:00,0.8555,5.6215,1,0.2115,full,15.0377,3468.19,1.0007,On plan (100% of expected) — est. soiling/drift loss 21% | synced from PG at the 2026-08 close (energy+billable = reconciled basis),3240.2,3470.9
2026-08-28,MEX2,2671.95,5.2701,shinemaster_history,0.8314,HIGH,0.2474,HIGH,3,0,,2026-08-29T12:00:13+00:00,0.8963,4.3814,1,0.0333,full,90.9982,2635.41,1.0139,On plan (101% of expected).,2838.3,2671.95
2026-08-28,MEX3,676.4,5.2701,shinemaster_history,0.8282,HIGH,0.2273,HIGH,1,0,,2026-08-29T12:00:13+00:00,0.8928,4.3644,1,0.0256,full,90.7695,661.58,1.0224,On plan (102% of expected).,805.4,676.4
2026-08-28,NL2,1136.4,7.2018,shinemaster_history,0.4707,HIGH,0.1578,HIGH,2,0,,2026-08-29T12:00:14+00:00,0.5158,3.3902,1,0.4462,full,15.8629,1810.53,0.6277,Well below plan (63%) — est. soiling/drift loss 45%,1727.2,1136.4
2026-08-28,GTO2,1107.962,6.3548,shinemaster_history,0.3105,HIGH,0.1154,LOW,3,0,,2026-08-29T12:00:14+00:00,0.3327,1.9729,0.5,0.6347,full,95.3675,2676.64,0.4139,Well below plan (41%) — inverter availability 50% — see Alerts,3020.7,1107.96
2026-08-29,SLP1,733.7,5.5157,shinemaster_history,0.7029,HIGH,0.2037,HIGH,2,0,,2026-08-30T12:00:08+00:00,0.746,3.8768,1,0.1428,full,26.6375,772.24,0.9498,Slightly below plan (95%) — est. soiling/drift loss 14% | synced from PG at the 2026-08 close (energy+billable = reconciled basis),803.6,733.7
2026-08-29,SLP2,1144.8,5.713,shinemaster_history,0.7191,HIGH,0.1923,HIGH,2,0,,2026-08-30T12:00:09+00:00,0.774,4.1083,0.75,0.1336,full,20.3264,1193.77,0.9588,On plan (96% of expected) — inverter availability 75% — see Alerts | synced from PG at the 2026-08 close (energy+billable = reconciled basis),1556.5,1144.8
2026-08-29,GTO1,4026.1,5.9573,shinemaster_history,0.8258,HIGH,0.2467,HIGH,6,0,,2026-08-30T12:00:10+00:00,0.9101,4.9197,1,0.0824,full,57.3662,3607.53,1.116,Above plan (112% of expected) — est. soiling/drift loss 8% | synced from PG at the 2026-08 close (energy+billable = reconciled basis),4241,4026.1
2026-08-29,MEX1,2292.68,4.5552,shinemaster_history,0.8579,HIGH,0.2123,HIGH,3,0,,2026-08-30T12:00:10+00:00,0.8956,3.9077,1,0,full,95.6575,2218.24,1.0336,On plan (103% of expected).,2897.3,2292.68
2026-08-29,NL1,3321.7,6.5525,shinemaster_history,0.821,HIGH,0.279,HIGH,4,0,,2026-08-30T12:00:11+00:00,0.8961,5.3798,1,0.1707,full,21.5739,3155.5,1.0526,Above plan (105% of expected) — est. soiling/drift loss 17% | synced from PG at the 2026-08 close (energy+billable = reconciled basis),3240.2,3321.7
2026-08-29,MEX2,2375.64,4.5552,shinemaster_history,0.8552,HIGH,0.22,HIGH,3,0,,2026-08-30T12:00:12+00:00,0.8928,3.8955,1,0.0056,full,95.6464,2277.91,1.0429,On plan (104% of expected).,2838.3,2375.64
2026-08-29,MEX3,603.2,4.5552,shinemaster_history,0.8544,HIGH,0.2027,HIGH,1,0,,2026-08-30T12:00:13+00:00,0.892,3.8921,1,0,full,95.631,571.83,1.0549,Above plan (105% of expected).,805.4,603.2
2026-08-29,NL2,901.1,6.5525,shinemaster_history,0.4103,HIGH,0.1252,HIGH,2,0,,2026-08-30T12:00:13+00:00,0.4488,2.6882,0.5,,partial,19.4716,1647.3,,Partial data day — daily figures not comparable.,1727.2,901.1
2026-08-29,GTO2,899.274,5.3945,shinemaster_history,0.2968,HIGH,0.0937,LOW,3,0,,2026-08-30T12:00:14+00:00,0.3276,1.6013,0.25,0.6508,full,99.3925,2272.16,0.3958,Well below plan (40%) — inverter availability 25% — see Alerts,3020.7,899.27
2026-08-30,SLP1,842.1,5.9047,shinemaster_history,0.7537,HIGH,0.2339,HIGH,2,0,,2026-08-31T12:00:09+00:00,0.8004,4.4503,1,0.0809,full,35.6286,826.71,1.0185,On plan (102% of expected) — est. soiling/drift loss 8% | synced from PG at the 2026-08 close (energy+billable = reconciled basis),803.6,842.1
2026-08-30,SLP2,1354.6,6.1442,shinemaster_history,0.7913,HIGH,0.2276,HIGH,2,0,,2026-08-31T12:00:10+00:00,0.8523,4.8616,1,0.0466,full,30.5916,1283.88,1.055,Above plan (106% of expected). | synced from PG at the 2026-08 close (energy+billable = reconciled basis),1556.5,1354.6
2026-08-30,GTO1,4782.2,6.9791,shinemaster_history,0.8373,HIGH,0.293,HIGH,6,0,,2026-08-31T12:00:10+00:00,0.9326,5.8435,1,0.0697,full,54.8757,4226.29,1.1315,Above plan (113% of expected) — est. soiling/drift loss 7% | synced from PG at the 2026-08 close (energy+billable = reconciled basis),4241,4782.2
2026-08-30,MEX1,2866.6800000000003,6.2361,shinemaster_history,0.7835,HIGH,0.2654,HIGH,3,0,,2026-08-31T12:00:11+00:00,0.8424,4.886,1,0.056,full,42.806,3036.79,0.944,Slightly below plan (94%) — est. soiling/drift loss 6%,2897.3,2866.68
2026-08-30,NL1,2812,5.5387,shinemaster_history,0.8223,HIGH,0.2362,HIGH,4,0,,2026-08-31T12:00:11+00:00,0.8983,4.5543,1,0.1694,full,52.0774,2667.28,1.0542,Above plan (105% of expected) — est. soiling/drift loss 17% | synced from PG at the 2026-08 close (energy+billable = reconciled basis),3240.2,2812
2026-08-30,MEX2,3037.0699999999997,6.2361,shinemaster_history,0.7986,HIGH,0.2812,HIGH,3,0,,2026-08-31T12:00:12+00:00,0.8587,4.9801,1,0.0714,full,42.806,3118.48,0.9739,On plan (97% of expected) — est. soiling/drift loss 7%,2838.3,3037.07
2026-08-30,MEX3,783.2,6.2361,shinemaster_history,0.8104,HIGH,0.2632,HIGH,1,0,,2026-08-31T12:00:13+00:00,0.8714,5.0536,1,0.0466,full,41.0643,782.84,1.0005,On plan (100% of expected).,805.4,783.2
2026-08-30,NL2,840.1,5.5387,shinemaster_history,0.4525,HIGH,0.1167,HIGH,2,0,,2026-08-31T12:00:13+00:00,0.4979,2.5063,1,0.4676,full,54.342,1392.43,0.6033,Well below plan (60%) — est. soiling/drift loss 47%,1727.2,840.1
2026-08-30,GTO2,1106.41,7.3263,shinemaster_history,0.2689,HIGH,0.1153,LOW,3,0,,2026-08-31T12:00:14+00:00,0.2987,1.9701,0.5,0.6836,full,95.2934,3085.84,0.3585,Well below plan (36%) — inverter availability 50% — see Alerts,3020.7,1106.41
2026-08-31,SLP1,708.2,4.8672,shinemaster_history,0.7667,HIGH,0.1961,HIGH,2,0,,2026-09-01T12:00:08+00:00,0.8173,3.7315,1,0.065,full,87.3815,681.45,1.036,On plan (104% of expected) — est. soiling/drift loss 6% | synced from PG at the 2026-08 close (energy+billable = reconciled basis),803.6,708.2
2026-08-31,SLP2,1187.1,5.2958,shinemaster_history,0.8037,HIGH,0.1992,HIGH,2,0,,2026-09-01T12:00:09+00:00,0.8689,4.2561,1,0.0317,full,85.4128,1106.6,1.0716,Above plan (107% of expected). | synced from PG at the 2026-08 close (energy+billable = reconciled basis),1556.5,1187.1
2026-08-31,GTO1,3809.1,5.525,shinemaster_history,0.8415,HIGH,0.2331,HIGH,6,0,,2026-09-01T12:00:09+00:00,0.914,4.6491,1,0.065,full,68.9574,3345.74,1.1371,Above plan (114% of expected) — est. soiling/drift loss 6% | synced from PG at the 2026-08 close (energy+billable = reconciled basis),4241,3809.1
2026-08-31,MEX1,2139.26,4.3204,shinemaster_history,0.8439,HIGH,0.1981,HIGH,3,0,,2026-09-01T12:00:10+00:00,0.8858,3.6462,1,0,full,89.7774,2103.9,1.0168,On plan (102% of expected).,2897.3,2139.26
2026-08-31,NL1,2880.8,5.8916,shinemaster_history,0.7896,HIGH,0.2413,MEDIUM,4,1,1 inverter(s) detected mid-day reboots; energy total uses max() instead of last(),2026-09-01T12:00:11+00:00,0.8593,4.6518,1,0.2024,full,26.9166,2837.23,1.0123,On plan (101% of expected) — est. soiling/drift loss 20% | synced from PG at the 2026-08 close (energy+billable = reconciled basis),3240.2,2880.8
2026-08-31,MEX2,2274.25,4.3204,shinemaster_history,0.8632,HIGH,0.2106,HIGH,3,0,,2026-09-01T12:00:11+00:00,0.906,3.7293,1,0,full,89.7774,2160.5,1.0526,Above plan (105% of expected).,2838.3,2274.25
2026-08-31,MEX3,574.9,4.3204,shinemaster_history,0.8586,HIGH,0.1932,HIGH,1,0,,2026-09-01T12:00:12+00:00,0.9012,3.7095,1,0,full,85.1874,542.36,1.06,Above plan (106% of expected).,805.4,574.9
2026-08-31,NL2,971.7,5.8916,shinemaster_history,0.492,HIGH,0.135,HIGH,2,0,,2026-09-01T12:00:13+00:00,0.535,2.8989,1,0.4212,full,29.9695,1481.15,0.656,Well below plan (66%) — est. soiling/drift loss 42%,1727.2,971.7
2026-08-31,GTO2,1272.8400000000001,5.5213,shinemaster_history,0.4105,HIGH,0.1326,LOW,3,0,,2026-09-01T12:00:13+00:00,0.4505,2.2665,0.5,0.5171,full,99.6,2325.57,0.5473,Well below plan (55%) — inverter availability 50% — see Alerts,3020.7,1272.84
2026-09-01,SLP1,581,3.5614,shinemaster_history,0.8623,HIGH,0.1614,HIGH,2,0,,2026-09-02T20:33:53+00:00,0.8911,3.0708,1,0,full,88.2772,498.62,1.1652,Above plan (117% of expected).,732.6,581
2026-09-01,SLP2,944,4.0124,shinemaster_history,0.8444,HIGH,0.1586,HIGH,2,0,,2026-09-02T20:33:53+00:00,0.8805,3.3882,0.9444,0,full,84.4811,838.42,1.1259,Above plan (113% of expected) — inverter availability 94% — see Alerts,1354,944
2026-09-01,GTO1,4583.2,6.628,shinemaster_history,0.845,HIGH,0.2808,HIGH,6,0,,2026-09-02T20:33:54+00:00,0.956,5.6007,0.9167,0.0611,full,68.7312,4013.68,1.1419,Above plan (114% of expected) — inverter availability 92% — see Alerts,3727.3,4583.2
2026-09-01,MEX1,1965.3600000000001,1.5726,shinemaster_history,2.0907,HIGH,0.182,HIGH,3,0,PR=2.09 > 1.2 is implausible; check kwp_dc and irradiance source,2026-09-02T20:33:54+00:00,2.1665,3.2878,1,,full,89.7102,780.26,,Sun measurement unreliable today — % of plan not computed (improves after the Pi migration).,2490.8,1965.36
2026-09-01,NL1,3458.8,7.0016,shinemaster_history,0.8001,HIGH,0.2906,HIGH,4,0,,2026-09-02T20:33:55+00:00,0.8767,5.6022,1,0.1918,full,22.2281,3371.77,1.0258,On plan (103% of expected) — est. soiling/drift loss 19%,2764.3,3458.8
2026-09-01,MEX2,2076.71,1.5726,shinemaster_history,2.1654,HIGH,0.1923,HIGH,3,0,PR=2.17 > 1.2 is implausible; check kwp_dc and irradiance source,2026-09-02T20:33:55+00:00,2.2438,3.4053,1,,full,89.7102,786.41,,Sun measurement unreliable today — % of plan not computed (improves after the Pi migration).,2504.9,2076.71
2026-09-01,MEX3,538.4,1.5726,shinemaster_history,2.2091,HIGH,0.1809,HIGH,1,0,PR=2.21 > 1.2 is implausible; check kwp_dc and irradiance source,2026-09-02T20:33:56+00:00,2.2888,3.474,1,,full,88.3904,197.41,,Sun measurement unreliable today — % of plan not computed (improves after the Pi migration).,697.1,538.4
2026-09-01,NL2,979.6999999999999,7.0016,shinemaster_history,0.4174,HIGH,0.1361,HIGH,2,0,,2026-09-02T20:33:56+00:00,0.4574,2.9227,1,0.5089,full,28.7485,1760.2,0.5566,Well below plan (56%) — est. soiling/drift loss 51%,1409.3,979.7
2026-09-01,GTO2,1155.37,5.4183,shinemaster_history,0.3797,HIGH,0.1204,HIGH,4,0,,2026-09-02T20:33:57+00:00,0.4125,2.0573,0.6667,0.5533,full,69.9983,2282.19,0.5063,Well below plan (51%) — inverter availability 67% — see Alerts,2688.3,1155.37
2026-09-01,TAM1,1787.1000000000001,7.0016,shinemaster_history,0.7,HIGH,0.2482,HIGH,4,0,,2026-09-02T20:33:58+00:00,0.7617,4.9009,1,0.1765,full,16.2286,1914.85,0.9333,Slightly below plan (93%) — est. soiling/drift loss 18%,1555.7,1787.1
2026-09-02,SLP1,879.2,5.9452,shinemaster_history,0.7816,HIGH,0.2442,HIGH,2,0,,2026-09-03T12:00:14+00:00,0.8466,4.6469,1,0.0468,full,54.2927,832.38,1.0562,Above plan (106% of expected).,732.6,879.2
2026-09-02,SLP2,1435.9,6.5868,shinemaster_history,0.7824,HIGH,0.2412,HIGH,2,0,,2026-09-03T12:00:15+00:00,0.8514,5.1538,0.875,0.0573,full,47.3766,1376.36,1.0433,On plan (104% of expected) — inverter availability 88% — see Alerts,1354,1435.9
2026-09-02,GTO1,3626.6,5.0798,shinemaster_history,0.8724,HIGH,0.2222,HIGH,6,0,,2026-09-03T12:00:16+00:00,0.9448,4.4317,1,0.0307,full,63.5438,3076.15,1.1789,Above plan (118% of expected).,3727.3,3626.6
2026-09-02,MEX1,2235.65,4.6447,shinemaster_history,0.8052,HIGH,0.207,HIGH,3,0,,2026-09-03T12:00:16+00:00,0.8548,3.7399,1,0.0299,full,80.1148,2304.5,0.9701,On plan (97% of expected).,2490.8,2235.65
2026-09-02,NL1,3393.9,6.9247,shinemaster_history,0.7938,HIGH,0.2851,HIGH,4,0,,2026-09-03T12:00:17+00:00,0.8792,5.4971,1,0.1982,full,16.5651,3334.74,1.0177,On plan (102% of expected) — est. soiling/drift loss 20%,2764.3,3393.9
2026-09-02,MEX2,2418.0699999999997,4.6447,shinemaster_history,0.8537,HIGH,0.2239,HIGH,3,0,,2026-09-03T12:00:18+00:00,0.9061,3.9651,1,0.0073,full,80.1148,2322.67,1.0411,On plan (104% of expected).,2504.9,2418.07
2026-09-02,MEX3,615.9,4.6447,shinemaster_history,0.8556,HIGH,0.207,HIGH,1,0,,2026-09-03T12:00:18+00:00,0.9085,3.9741,1,0,full,75.4868,583.07,1.0563,Above plan (106% of expected).,697.1,615.9
2026-09-02,NL2,951.3,6.9247,shinemaster_history,0.4098,HIGH,0.1321,HIGH,2,0,,2026-09-03T12:00:19+00:00,0.4537,2.838,1,0.5179,full,10.919,1740.87,0.5465,Well below plan (55%) — est. soiling/drift loss 52%,1409.3,951.3
2026-09-02,GTO2,1438.75,6.2258,shinemaster_history,0.4115,HIGH,0.1499,HIGH,4,0,,2026-09-03T12:00:19+00:00,0.4642,2.5619,0.375,0.5159,full,75.7368,2622.31,0.5487,Well below plan (55%) — inverter availability 38% — see Alerts,2688.3,1438.75
2026-09-03,SLP1,990.4000000000001,6.687,shinemaster_history,0.7828,HIGH,0.2751,HIGH,2,0,,2026-09-04T12:00:16+00:00,0.8492,5.2347,1,0.0454,full,57.8137,936.23,1.0579,Above plan (106% of expected).,732.6,990.4
2026-09-03,SLP2,1425.8,7.1171,shinemaster_history,0.719,HIGH,0.2395,MEDIUM,2,1,1 inverter(s) detected mid-day reboots; energy total uses max() instead of last(),2026-09-04T12:00:17+00:00,0.7888,5.1175,0.4545,0.1337,full,56.8133,1487.17,0.9587,On plan (96% of expected) — inverter availability 45% — see Alerts,1354,1425.8
2026-09-03,GTO1,3252.4,4.6722,shinemaster_history,0.8507,HIGH,0.1993,HIGH,6,0,,2026-09-04T12:00:17+00:00,0.9176,3.9744,1,0.0548,full,47.0689,2829.32,1.1495,Above plan (115% of expected) — est. soiling/drift loss 5%,3727.3,3252.4
2026-09-03,MEX1,2859.81,5.8135,shinemaster_history,0.8229,HIGH,0.2648,HIGH,3,0,,2026-09-04T12:00:18+00:00,0.8894,4.7841,1,0.0086,full,47.1735,2884.41,0.9915,On plan (99% of expected).,2490.8,2859.81
2026-09-03,NL1,3006.4,6.1428,shinemaster_history,0.7927,HIGH,0.2526,HIGH,4,0,,2026-09-04T12:00:19+00:00,0.8753,4.8695,1,0.1993,full,60.233,2958.2,1.0163,On plan (102% of expected) — est. soiling/drift loss 20%,2764.3,3006.4
2026-09-03,MEX2,2830.04,5.8135,shinemaster_history,0.7983,HIGH,0.262,HIGH,3,0,,2026-09-04T12:00:20+00:00,0.8631,4.6406,1,0.0717,full,47.1735,2907.15,0.9735,On plan (97% of expected) — est. soiling/drift loss 7%,2504.9,2830.04
2026-09-03,MEX3,726.5,5.8135,shinemaster_history,0.8063,HIGH,0.2441,HIGH,1,0,,2026-09-04T12:00:21+00:00,0.8719,4.6877,1,0.0514,full,52.8401,729.79,0.9955,On plan (100% of expected) — est. soiling/drift loss 5%,697.1,726.5
2026-09-03,NL2,923.1,6.1428,shinemaster_history,0.4483,HIGH,0.1282,HIGH,2,0,,2026-09-04T12:00:22+00:00,0.495,2.7539,1,0.4726,full,61.4042,1544.3,0.5977,Well below plan (60%) — est. soiling/drift loss 47%,1409.3,923.1
2026-09-03,GTO2,1716.47,7.721,shinemaster_history,0.3959,HIGH,0.1788,HIGH,4,0,,2026-09-04T12:00:22+00:00,0.4196,3.0564,0.75,0.5342,full,61.8431,3252.09,0.5278,Well below plan (53%) — inverter availability 75% — see Alerts,2688.3,1716.47
