plant_key,year,month,design_kwh,contract_kwh,tariff_mxn,fixed_income_ccy,ccy
GTO1,2024,10,,84664.0,1.899,,
GTO1,2024,11,,74371.0,1.899,,
GTO1,2024,12,,69006.0,1.899,,
GTO1,2025,1,,73717.0,1.899,,
GTO1,2025,2,,81207.0,1.899,,
GTO1,2025,3,,102898.0,1.899,,
GTO1,2025,4,,105802.0,1.899,,
GTO1,2025,5,,108122.0,1.899,,
GTO1,2025,6,,96837.0,1.899,,
GTO1,2025,7,,95219.0,1.899,,
GTO1,2025,8,,98332.0,1.899,,
GTO1,2025,9,,83665.0,1.899,,
GTO1,2025,10,,84664.0,1.899,,
GTO1,2025,11,,74371.0,1.899,,
GTO1,2025,12,,69006.0,1.899,,
GTO1,2026,1,73314.0,73314.0,1.975,,
GTO1,2026,2,80762.0,80762.0,1.975,,
GTO1,2026,3,102335.0,102335.0,1.975,,
GTO1,2026,4,105223.0,105223.0,1.975,,
GTO1,2026,5,107530.0,107530.0,1.975,,
GTO1,2026,6,96307.0,96307.0,1.975,,
GTO1,2026,7,126721.0,94698.0,1.975,,
GTO1,2026,8,131472.0,97794.0,1.975,,
GTO1,2026,9,111820.0,83208.0,1.975,,
GTO1,2026,10,113919.0,84201.0,1.975,,
GTO1,2026,11,100128.0,73964.0,1.975,,
GTO1,2026,12,93094.0,68629.0,1.975,,
GTO1,2027,1,,72913.0,2.054,,
GTO1,2027,2,,80321.0,2.054,,
GTO1,2027,3,,101775.0,2.054,,
GTO1,2027,4,,104648.0,2.054,,
GTO1,2027,5,,106942.0,2.054,,
GTO1,2027,6,,95780.0,2.054,,
GTO1,2027,7,,94180.0,2.054,,
GTO1,2027,8,,97259.0,2.054,,
GTO1,2027,9,,82753.0,2.054,,
GTO1,2027,10,,83741.0,2.054,,
GTO1,2027,11,,73560.0,2.054,,
GTO1,2027,12,,68253.0,2.054,,
GTO1,2028,1,,72514.0,2.136,,
GTO1,2028,2,,79881.0,2.136,,
GTO1,2028,3,,101219.0,2.136,,
GTO1,2028,4,,104075.0,2.136,,
GTO1,2028,5,,106357.0,2.136,,
GTO1,2028,6,,95256.0,2.136,,
GTO1,2028,7,,93665.0,2.136,,
GTO1,2028,8,,96727.0,2.136,,
GTO1,2028,9,,82300.0,2.136,,
GTO1,2028,10,,83282.0,2.136,,
GTO1,2028,11,,73157.0,2.136,,
GTO1,2028,12,,67880.0,2.136,,
GTO1,2029,1,,72117.0,2.222,,
GTO1,2029,2,,79444.0,2.222,,
GTO1,2029,3,,100665.0,2.222,,
GTO1,2029,4,,103506.0,2.222,,
GTO1,2029,5,,105775.0,2.222,,
GTO1,2029,6,,94735.0,2.222,,
GTO1,2029,7,,93152.0,2.222,,
GTO1,2029,8,,96198.0,2.222,,
GTO1,2029,9,,81850.0,2.222,,
GTO1,2029,10,,82827.0,2.222,,
GTO1,2029,11,,72757.0,2.222,,
GTO1,2029,12,,67508.0,2.222,,
GTO1,2030,1,,71723.0,2.311,,
GTO1,2030,2,,79010.0,2.311,,
GTO1,2030,3,,100114.0,2.311,,
GTO1,2030,4,,102940.0,2.311,,
GTO1,2030,5,,105197.0,2.311,,
GTO1,2030,6,,94217.0,2.311,,
GTO1,2030,7,,92643.0,2.311,,
GTO1,2030,8,,95672.0,2.311,,
GTO1,2030,9,,81402.0,2.311,,
GTO1,2030,10,,82374.0,2.311,,
GTO1,2030,11,,72359.0,2.311,,
GTO1,2030,12,,67139.0,2.311,,
GTO1,2031,1,,71331.0,2.403,,
GTO1,2031,2,,78578.0,2.403,,
GTO1,2031,3,,99567.0,2.403,,
GTO1,2031,4,,102377.0,2.403,,
GTO1,2031,5,,104621.0,2.403,,
GTO1,2031,6,,93702.0,2.403,,
GTO1,2031,7,,92136.0,2.403,,
GTO1,2031,8,,95149.0,2.403,,
GTO1,2031,9,,80957.0,2.403,,
GTO1,2031,10,,81923.0,2.403,,
GTO1,2031,11,,71963.0,2.403,,
GTO1,2031,12,,66772.0,2.403,,
GTO1,2032,1,,70940.0,2.499,,
GTO1,2032,2,,78148.0,2.499,,
GTO1,2032,3,,99022.0,2.499,,
GTO1,2032,4,,101817.0,2.499,,
GTO1,2032,5,,104049.0,2.499,,
GTO1,2032,6,,93189.0,2.499,,
GTO1,2032,7,,91632.0,2.499,,
GTO1,2032,8,,94628.0,2.499,,
GTO1,2032,9,,80514.0,2.499,,
GTO1,2032,10,,81475.0,2.499,,
GTO1,2032,11,,71570.0,2.499,,
GTO1,2032,12,,66407.0,2.499,,
GTO1,2033,1,,70552.0,2.599,,
GTO1,2033,2,,77720.0,2.599,,
GTO1,2033,3,,98480.0,2.599,,
GTO1,2033,4,,101260.0,2.599,,
GTO1,2033,5,,103480.0,2.599,,
GTO1,2033,6,,92680.0,2.599,,
GTO1,2033,7,,91131.0,2.599,,
GTO1,2033,8,,94111.0,2.599,,
GTO1,2033,9,,80074.0,2.599,,
GTO1,2033,10,,81030.0,2.599,,
GTO1,2033,11,,71178.0,2.599,,
GTO1,2033,12,,66044.0,2.599,,
GTO1,2034,1,,70167.0,2.703,,
GTO1,2034,2,,77295.0,2.703,,
GTO1,2034,3,,97942.0,2.703,,
GTO1,2034,4,,100706.0,2.703,,
GTO1,2034,5,,102914.0,2.703,,
GTO1,2034,6,,92173.0,2.703,,
GTO1,2034,7,,90633.0,2.703,,
GTO1,2034,8,,93596.0,2.703,,
GTO1,2034,9,,79636.0,2.703,,
GTO1,2034,10,,80586.0,2.703,,
GTO1,2034,11,,70789.0,2.703,,
GTO1,2034,12,,65682.0,2.703,,
LGTO1,2025,5,,,,15233.0,USD
LGTO1,2025,6,,,,15233.0,USD
LGTO1,2025,7,,,,15233.0,USD
LGTO1,2025,8,,,,15233.0,USD
LGTO1,2025,9,,,,15233.0,USD
LGTO1,2025,10,,,,15233.0,USD
LGTO1,2025,11,,,,15233.0,USD
LGTO1,2025,12,,,,15233.0,USD
LGTO1,2026,1,,,,15233.0,USD
LGTO1,2026,2,,,,15233.0,USD
LGTO1,2026,3,,,,15233.0,USD
LGTO1,2026,4,,,,15233.0,USD
LGTO1,2026,5,,,,15233.0,USD
LGTO1,2026,6,,,,15233.0,USD
LGTO1,2026,7,,,,15233.0,USD
LGTO1,2026,8,,,,15233.0,USD
LGTO1,2026,9,,,,15233.0,USD
LGTO1,2026,10,,,,15233.0,USD
LGTO1,2026,11,,,,15233.0,USD
LGTO1,2026,12,,,,15233.0,USD
LGTO1,2027,1,,,,15233.0,USD
LGTO1,2027,2,,,,15233.0,USD
LGTO1,2027,3,,,,15233.0,USD
LGTO1,2027,4,,,,15233.0,USD
LGTO1,2027,5,,,,15233.0,USD
LGTO1,2027,6,,,,15233.0,USD
LGTO1,2027,7,,,,15233.0,USD
LGTO1,2027,8,,,,15233.0,USD
LGTO1,2027,9,,,,15233.0,USD
LGTO1,2027,10,,,,15233.0,USD
LGTO1,2027,11,,,,15233.0,USD
LGTO1,2027,12,,,,15233.0,USD
LGTO1,2028,1,,,,15233.0,USD
LGTO1,2028,2,,,,15233.0,USD
LGTO1,2028,3,,,,15233.0,USD
LGTO1,2028,4,,,,15233.0,USD
LGTO1,2028,5,,,,15233.0,USD
LGTO1,2028,6,,,,15233.0,USD
LGTO1,2028,7,,,,15233.0,USD
LGTO1,2028,8,,,,15233.0,USD
LGTO1,2028,9,,,,15233.0,USD
LGTO1,2028,10,,,,15233.0,USD
LGTO1,2028,11,,,,15233.0,USD
LGTO1,2028,12,,,,15233.0,USD
LGTO1,2029,1,,,,15233.0,USD
LGTO1,2029,2,,,,15233.0,USD
LGTO1,2029,3,,,,15233.0,USD
LGTO1,2029,4,,,,15233.0,USD
LGTO1,2029,5,,,,15233.0,USD
LGTO1,2029,6,,,,15233.0,USD
LGTO1,2029,7,,,,15233.0,USD
LGTO1,2029,8,,,,15233.0,USD
LGTO1,2029,9,,,,15233.0,USD
LGTO1,2029,10,,,,15233.0,USD
LGTO1,2029,11,,,,15233.0,USD
LGTO1,2029,12,,,,15233.0,USD
LGTO1,2030,1,,,,15233.0,USD
LGTO1,2030,2,,,,15233.0,USD
LGTO1,2030,3,,,,15233.0,USD
LGTO1,2030,4,,,,15233.0,USD
LGTO1,2030,5,,,,15233.0,USD
LGTO1,2030,6,,,,15233.0,USD
LGTO1,2030,7,,,,15233.0,USD
LGTO1,2030,8,,,,15233.0,USD
LGTO1,2030,9,,,,15233.0,USD
LGTO1,2030,10,,,,15233.0,USD
LGTO1,2030,11,,,,15233.0,USD
LGTO1,2030,12,,,,15233.0,USD
LGTO1,2031,1,,,,15233.0,USD
LGTO1,2031,2,,,,15233.0,USD
LGTO1,2031,3,,,,15233.0,USD
LGTO1,2031,4,,,,15233.0,USD
LOAX1,2024,7,,,,26750.0,USD
LOAX1,2024,8,,,,26750.0,USD
LOAX1,2024,9,,,,26750.0,USD
LOAX1,2024,10,,,,26750.0,USD
LOAX1,2024,11,,,,26750.0,USD
LOAX1,2024,12,,,,26750.0,USD
LOAX1,2025,1,,,,26750.0,USD
LOAX1,2025,2,,,,26750.0,USD
LOAX1,2025,3,,,,26750.0,USD
LOAX1,2025,4,,,,26750.0,USD
LOAX1,2025,5,,,,26750.0,USD
LOAX1,2025,6,,,,26750.0,USD
LOAX1,2025,7,,,,26750.0,USD
LOAX1,2025,8,,,,26750.0,USD
LOAX1,2025,9,,,,26750.0,USD
LOAX1,2025,10,,,,26750.0,USD
LOAX1,2025,11,,,,26750.0,USD
LOAX1,2025,12,,,,26750.0,USD
LOAX1,2026,1,,,,26750.0,USD
LOAX1,2026,2,,,,26750.0,USD
LOAX1,2026,3,,,,26750.0,USD
LOAX1,2026,4,,,,26750.0,USD
LOAX1,2026,5,,,,26750.0,USD
LOAX1,2026,6,,,,26750.0,USD
LOAX1,2026,7,,,,26750.0,USD
LOAX1,2026,8,,,,26750.0,USD
LOAX1,2026,9,,,,26750.0,USD
LOAX1,2026,10,,,,26750.0,USD
LOAX1,2026,11,,,,26750.0,USD
LOAX1,2026,12,,,,26750.0,USD
LOAX1,2027,1,,,,26750.0,USD
LOAX1,2027,2,,,,26750.0,USD
LOAX1,2027,3,,,,26750.0,USD
LOAX1,2027,4,,,,26750.0,USD
LOAX1,2027,5,,,,26750.0,USD
LOAX1,2027,6,,,,26750.0,USD
LOAX1,2027,7,,,,26750.0,USD
LOAX1,2027,8,,,,26750.0,USD
LOAX1,2027,9,,,,26750.0,USD
LOAX1,2027,10,,,,26750.0,USD
LOAX1,2027,11,,,,26750.0,USD
LOAX1,2027,12,,,,26750.0,USD
LOAX1,2028,1,,,,26750.0,USD
LOAX1,2028,2,,,,26750.0,USD
LOAX1,2028,3,,,,26750.0,USD
LOAX1,2028,4,,,,26750.0,USD
LOAX1,2028,5,,,,26750.0,USD
LOAX1,2028,6,,,,26750.0,USD
LOAX1,2028,7,,,,26750.0,USD
LOAX1,2028,8,,,,26750.0,USD
LOAX1,2028,9,,,,26750.0,USD
LOAX1,2028,10,,,,26750.0,USD
LOAX1,2028,11,,,,26750.0,USD
LOAX1,2028,12,,,,26750.0,USD
LOAX1,2029,1,,,,26750.0,USD
LOAX1,2029,2,,,,26750.0,USD
LOAX1,2029,3,,,,26750.0,USD
LOAX1,2029,4,,,,26750.0,USD
LOAX1,2029,5,,,,26750.0,USD
LOAX1,2029,6,,,,26750.0,USD
LOAX1,2029,7,,,,26750.0,USD
LOAX1,2029,8,,,,26750.0,USD
LOAX1,2029,9,,,,26750.0,USD
LOAX1,2029,10,,,,26750.0,USD
LOAX1,2029,11,,,,26750.0,USD
LOAX1,2029,12,,,,26750.0,USD
LOAX1,2030,1,,,,26750.0,USD
LOAX1,2030,2,,,,26750.0,USD
LOAX1,2030,3,,,,26750.0,USD
LOAX1,2030,4,,,,26750.0,USD
LOAX1,2030,5,,,,26750.0,USD
LOAX1,2030,6,,,,26750.0,USD
MEX1,2024,12,,71611.0,2.389,,
MEX1,2025,1,,72602.0,2.389,,
MEX1,2025,2,,77436.0,2.389,,
MEX1,2025,3,,92573.0,2.389,,
MEX1,2025,4,,90763.0,2.389,,
MEX1,2025,5,,93653.0,2.389,,
MEX1,2025,6,,87089.0,2.389,,
MEX1,2025,7,,87882.0,2.389,,
MEX1,2025,8,,90311.0,2.389,,
MEX1,2025,9,,75134.0,2.389,,
MEX1,2025,10,,77985.0,2.389,,
MEX1,2025,11,,73672.0,2.389,,
MEX1,2025,12,,71611.0,2.389,,
MEX1,2026,1,72205.0,72205.0,2.508,,
MEX1,2026,2,77012.0,77012.0,2.508,,
MEX1,2026,3,92067.0,92067.0,2.508,,
MEX1,2026,4,90266.0,90266.0,2.508,,
MEX1,2026,5,93141.0,93141.0,2.508,,
MEX1,2026,6,86612.0,86612.0,2.508,,
MEX1,2026,7,87401.0,87401.0,2.508,,
MEX1,2026,8,89817.0,89817.0,2.508,,
MEX1,2026,9,74723.0,74723.0,2.508,,
MEX1,2026,10,77558.0,77558.0,2.508,,
MEX1,2026,11,73269.0,73269.0,2.508,,
MEX1,2026,12,71219.0,71219.0,2.508,,
MEX1,2027,1,,71810.0,2.634,,
MEX1,2027,2,,76591.0,2.634,,
MEX1,2027,3,,91563.0,2.634,,
MEX1,2027,4,,89772.0,2.634,,
MEX1,2027,5,,92631.0,2.634,,
MEX1,2027,6,,86139.0,2.634,,
MEX1,2027,7,,86923.0,2.634,,
MEX1,2027,8,,89326.0,2.634,,
MEX1,2027,9,,74315.0,2.634,,
MEX1,2027,10,,77134.0,2.634,,
MEX1,2027,11,,72868.0,2.634,,
MEX1,2027,12,,70829.0,2.634,,
MEX1,2028,1,,71417.0,2.765,,
MEX1,2028,2,,76172.0,2.765,,
MEX1,2028,3,,91062.0,2.765,,
MEX1,2028,4,,89281.0,2.765,,
MEX1,2028,5,,92124.0,2.765,,
MEX1,2028,6,,85667.0,2.765,,
MEX1,2028,7,,86447.0,2.765,,
MEX1,2028,8,,88837.0,2.765,,
MEX1,2028,9,,73908.0,2.765,,
MEX1,2028,10,,76712.0,2.765,,
MEX1,2028,11,,72470.0,2.765,,
MEX1,2028,12,,70442.0,2.765,,
MEX1,2029,1,,71027.0,2.904,,
MEX1,2029,2,,75756.0,2.904,,
MEX1,2029,3,,90564.0,2.904,,
MEX1,2029,4,,88793.0,2.904,,
MEX1,2029,5,,91620.0,2.904,,
MEX1,2029,6,,85199.0,2.904,,
MEX1,2029,7,,85974.0,2.904,,
MEX1,2029,8,,88351.0,2.904,,
MEX1,2029,9,,73504.0,2.904,,
MEX1,2029,10,,76292.0,2.904,,
MEX1,2029,11,,72073.0,2.904,,
MEX1,2029,12,,70057.0,2.904,,
MEX1,2030,1,,70638.0,3.049,,
MEX1,2030,2,,75341.0,3.049,,
MEX1,2030,3,,90069.0,3.049,,
MEX1,2030,4,,88307.0,3.049,,
MEX1,2030,5,,91119.0,3.049,,
MEX1,2030,6,,84733.0,3.049,,
MEX1,2030,7,,85504.0,3.049,,
MEX1,2030,8,,87868.0,3.049,,
MEX1,2030,9,,73102.0,3.049,,
MEX1,2030,10,,75875.0,3.049,,
MEX1,2030,11,,71679.0,3.049,,
MEX1,2030,12,,69673.0,3.049,,
MEX1,2031,1,,70252.0,3.201,,
MEX1,2031,2,,74929.0,3.201,,
MEX1,2031,3,,89576.0,3.201,,
MEX1,2031,4,,87824.0,3.201,,
MEX1,2031,5,,90621.0,3.201,,
MEX1,2031,6,,84269.0,3.201,,
MEX1,2031,7,,85037.0,3.201,,
MEX1,2031,8,,87387.0,3.201,,
MEX1,2031,9,,72702.0,3.201,,
MEX1,2031,10,,75460.0,3.201,,
MEX1,2031,11,,71287.0,3.201,,
MEX1,2031,12,,69292.0,3.201,,
MEX1,2032,1,,69868.0,3.361,,
MEX1,2032,2,,74519.0,3.361,,
MEX1,2032,3,,89086.0,3.361,,
MEX1,2032,4,,87344.0,3.361,,
MEX1,2032,5,,90125.0,3.361,,
MEX1,2032,6,,83808.0,3.361,,
MEX1,2032,7,,84571.0,3.361,,
MEX1,2032,8,,86909.0,3.361,,
MEX1,2032,9,,72304.0,3.361,,
MEX1,2032,10,,75047.0,3.361,,
MEX1,2032,11,,70897.0,3.361,,
MEX1,2032,12,,68913.0,3.361,,
MEX1,2033,1,,69485.0,3.529,,
MEX1,2033,2,,74112.0,3.529,,
MEX1,2033,3,,88599.0,3.529,,
MEX1,2033,4,,86866.0,3.529,,
MEX1,2033,5,,89632.0,3.529,,
MEX1,2033,6,,83350.0,3.529,,
MEX1,2033,7,,84109.0,3.529,,
MEX1,2033,8,,86434.0,3.529,,
MEX1,2033,9,,71909.0,3.529,,
MEX1,2033,10,,74637.0,3.529,,
MEX1,2033,11,,70509.0,3.529,,
MEX1,2033,12,,68536.0,3.529,,
MEX1,2034,1,,69105.0,3.706,,
MEX1,2034,2,,73706.0,3.706,,
MEX1,2034,3,,88114.0,3.706,,
MEX1,2034,4,,86391.0,3.706,,
MEX1,2034,5,,89142.0,3.706,,
MEX1,2034,6,,82894.0,3.706,,
MEX1,2034,7,,83649.0,3.706,,
MEX1,2034,8,,85961.0,3.706,,
MEX1,2034,9,,71516.0,3.706,,
MEX1,2034,10,,74228.0,3.706,,
MEX1,2034,11,,70123.0,3.706,,
MEX1,2034,12,,68161.0,3.706,,
MEX1,2035,1,,68727.0,3.891,,
MEX1,2035,2,,73303.0,3.891,,
MEX1,2035,3,,87632.0,3.891,,
MEX1,2035,4,,85918.0,3.891,,
MEX1,2035,5,,88654.0,3.891,,
MEX1,2035,6,,82441.0,3.891,,
MEX1,2035,7,,83191.0,3.891,,
MEX1,2035,8,,85491.0,3.891,,
MEX1,2035,9,,71124.0,3.891,,
MEX1,2035,10,,73822.0,3.891,,
MEX1,2035,11,,69740.0,3.891,,
MEX1,2035,12,,67789.0,3.891,,
MEX1,2036,1,,68351.0,4.086,,
MEX1,2036,2,,72902.0,4.086,,
MEX1,2036,3,,87153.0,4.086,,
MEX1,2036,4,,85449.0,4.086,,
MEX1,2036,5,,88169.0,4.086,,
MEX1,2036,6,,81990.0,4.086,,
MEX1,2036,7,,82736.0,4.086,,
MEX1,2036,8,,85023.0,4.086,,
MEX1,2036,9,,70735.0,4.086,,
MEX1,2036,10,,73419.0,4.086,,
MEX1,2036,11,,69358.0,4.086,,
MEX1,2036,12,,67418.0,4.086,,
MEX1,2037,1,,67978.0,4.29,,
MEX1,2037,2,,72503.0,4.29,,
MEX1,2037,3,,86676.0,4.29,,
MEX1,2037,4,,84981.0,4.29,,
MEX1,2037,5,,87687.0,4.29,,
MEX1,2037,6,,81541.0,4.29,,
MEX1,2037,7,,82284.0,4.29,,
MEX1,2037,8,,84558.0,4.29,,
MEX1,2037,9,,70348.0,4.29,,
MEX1,2037,10,,73017.0,4.29,,
MEX1,2037,11,,68979.0,4.29,,
MEX1,2037,12,,67049.0,4.29,,
MEX1,2038,1,,67606.0,4.505,,
MEX1,2038,2,,72107.0,4.505,,
MEX1,2038,3,,86202.0,4.505,,
MEX1,2038,4,,84516.0,4.505,,
MEX1,2038,5,,87207.0,4.505,,
MEX1,2038,6,,81095.0,4.505,,
MEX1,2038,7,,81833.0,4.505,,
MEX1,2038,8,,84096.0,4.505,,
MEX1,2038,9,,69964.0,4.505,,
MEX1,2038,10,,72618.0,4.505,,
MEX1,2038,11,,68602.0,4.505,,
MEX1,2038,12,,66682.0,4.505,,
MEX1,2039,1,,67236.0,4.73,,
MEX1,2039,2,,71712.0,4.73,,
MEX1,2039,3,,85731.0,4.73,,
MEX1,2039,4,,84054.0,4.73,,
MEX1,2039,5,,86730.0,4.73,,
MEX1,2039,6,,80652.0,4.73,,
MEX1,2039,7,,81386.0,4.73,,
MEX1,2039,8,,83636.0,4.73,,
MEX1,2039,9,,69581.0,4.73,,
MEX1,2039,10,,72220.0,4.73,,
MEX1,2039,11,,68226.0,4.73,,
MEX1,2039,12,,66318.0,4.73,,
MEX2,2025,10,,,,,
MEX2,2025,11,,,,,
MEX2,2025,12,,71953.0,2.254,,
MEX2,2026,1,74430.0,74430.0,2.367,,
MEX2,2026,2,79859.0,79859.0,2.367,,
MEX2,2026,3,95522.0,95522.0,2.367,,
MEX2,2026,4,95228.0,95228.0,2.367,,
MEX2,2026,5,98193.0,98193.0,2.367,,
MEX2,2026,6,89173.0,89173.0,2.367,,
MEX2,2026,7,89879.0,89879.0,2.367,,
MEX2,2026,8,87988.0,87988.0,2.367,,
MEX2,2026,9,75146.0,75146.0,2.367,,
MEX2,2026,10,79429.0,79429.0,2.367,,
MEX2,2026,11,75259.0,75259.0,2.367,,
MEX2,2026,12,70543.0,70543.0,2.367,,
MEX2,2027,1,,74022.0,2.485,,
MEX2,2027,2,,79422.0,2.485,,
MEX2,2027,3,,95000.0,2.485,,
MEX2,2027,4,,94707.0,2.485,,
MEX2,2027,5,,97656.0,2.485,,
MEX2,2027,6,,88685.0,2.485,,
MEX2,2027,7,,89387.0,2.485,,
MEX2,2027,8,,87507.0,2.485,,
MEX2,2027,9,,74735.0,2.485,,
MEX2,2027,10,,78994.0,2.485,,
MEX2,2027,11,,74847.0,2.485,,
MEX2,2027,12,,70157.0,2.485,,
MEX2,2028,1,,73618.0,2.609,,
MEX2,2028,2,,78988.0,2.609,,
MEX2,2028,3,,94480.0,2.609,,
MEX2,2028,4,,94189.0,2.609,,
MEX2,2028,5,,97121.0,2.609,,
MEX2,2028,6,,88200.0,2.609,,
MEX2,2028,7,,88898.0,2.609,,
MEX2,2028,8,,87028.0,2.609,,
MEX2,2028,9,,74327.0,2.609,,
MEX2,2028,10,,78562.0,2.609,,
MEX2,2028,11,,74438.0,2.609,,
MEX2,2028,12,,69773.0,2.609,,
MEX2,2029,1,,73215.0,2.74,,
MEX2,2029,2,,78556.0,2.74,,
MEX2,2029,3,,93963.0,2.74,,
MEX2,2029,4,,93674.0,2.74,,
MEX2,2029,5,,96590.0,2.74,,
MEX2,2029,6,,87718.0,2.74,,
MEX2,2029,7,,88412.0,2.74,,
MEX2,2029,8,,86552.0,2.74,,
MEX2,2029,9,,73920.0,2.74,,
MEX2,2029,10,,78132.0,2.74,,
MEX2,2029,11,,74031.0,2.74,,
MEX2,2029,12,,69391.0,2.74,,
MEX2,2030,1,,72814.0,2.876,,
MEX2,2030,2,,78126.0,2.876,,
MEX2,2030,3,,93449.0,2.876,,
MEX2,2030,4,,93161.0,2.876,,
MEX2,2030,5,,96062.0,2.876,,
MEX2,2030,6,,87238.0,2.876,,
MEX2,2030,7,,87928.0,2.876,,
MEX2,2030,8,,86078.0,2.876,,
MEX2,2030,9,,73516.0,2.876,,
MEX2,2030,10,,77705.0,2.876,,
MEX2,2030,11,,73626.0,2.876,,
MEX2,2030,12,,69012.0,2.876,,
MEX2,2031,1,,72416.0,3.02,,
MEX2,2031,2,,77699.0,3.02,,
MEX2,2031,3,,92938.0,3.02,,
MEX2,2031,4,,92652.0,3.02,,
MEX2,2031,5,,95536.0,3.02,,
MEX2,2031,6,,86761.0,3.02,,
MEX2,2031,7,,87447.0,3.02,,
MEX2,2031,8,,85608.0,3.02,,
MEX2,2031,9,,73114.0,3.02,,
MEX2,2031,10,,77280.0,3.02,,
MEX2,2031,11,,73223.0,3.02,,
MEX2,2031,12,,68634.0,3.02,,
MEX2,2032,1,,72020.0,3.171,,
MEX2,2032,2,,77274.0,3.171,,
MEX2,2032,3,,92430.0,3.171,,
MEX2,2032,4,,92145.0,3.171,,
MEX2,2032,5,,95014.0,3.171,,
MEX2,2032,6,,86286.0,3.171,,
MEX2,2032,7,,86969.0,3.171,,
MEX2,2032,8,,85139.0,3.171,,
MEX2,2032,9,,72714.0,3.171,,
MEX2,2032,10,,76857.0,3.171,,
MEX2,2032,11,,72822.0,3.171,,
MEX2,2032,12,,68259.0,3.171,,
MEX2,2033,1,,71626.0,3.33,,
MEX2,2033,2,,76851.0,3.33,,
MEX2,2033,3,,91924.0,3.33,,
MEX2,2033,4,,91641.0,3.33,,
MEX2,2033,5,,94494.0,3.33,,
MEX2,2033,6,,85814.0,3.33,,
MEX2,2033,7,,86493.0,3.33,,
MEX2,2033,8,,84674.0,3.33,,
MEX2,2033,9,,72316.0,3.33,,
MEX2,2033,10,,76437.0,3.33,,
MEX2,2033,11,,72424.0,3.33,,
MEX2,2033,12,,67885.0,3.33,,
MEX2,2034,1,,71234.0,3.496,,
MEX2,2034,2,,76431.0,3.496,,
MEX2,2034,3,,91422.0,3.496,,
MEX2,2034,4,,91140.0,3.496,,
MEX2,2034,5,,93977.0,3.496,,
MEX2,2034,6,,85345.0,3.496,,
MEX2,2034,7,,86020.0,3.496,,
MEX2,2034,8,,84210.0,3.496,,
MEX2,2034,9,,71920.0,3.496,,
MEX2,2034,10,,76019.0,3.496,,
MEX2,2034,11,,72028.0,3.496,,
MEX2,2034,12,,67514.0,3.496,,
MEX2,2035,1,,70845.0,3.671,,
MEX2,2035,2,,76013.0,3.671,,
MEX2,2035,3,,90921.0,3.671,,
MEX2,2035,4,,90641.0,3.671,,
MEX2,2035,5,,93463.0,3.671,,
MEX2,2035,6,,84878.0,3.671,,
MEX2,2035,7,,85550.0,3.671,,
MEX2,2035,8,,83750.0,3.671,,
MEX2,2035,9,,71527.0,3.671,,
MEX2,2035,10,,75603.0,3.671,,
MEX2,2035,11,,71634.0,3.671,,
MEX2,2035,12,,67145.0,3.671,,
MEX2,2036,1,,70457.0,3.855,,
MEX2,2036,2,,75597.0,3.855,,
MEX2,2036,3,,90424.0,3.855,,
MEX2,2036,4,,90145.0,3.855,,
MEX2,2036,5,,92952.0,3.855,,
MEX2,2036,6,,84413.0,3.855,,
MEX2,2036,7,,85082.0,3.855,,
MEX2,2036,8,,83292.0,3.855,,
MEX2,2036,9,,71136.0,3.855,,
MEX2,2036,10,,75189.0,3.855,,
MEX2,2036,11,,71242.0,3.855,,
MEX2,2036,12,,66778.0,3.855,,
MEX2,2037,1,,70072.0,4.048,,
MEX2,2037,2,,75183.0,4.048,,
MEX2,2037,3,,89930.0,4.048,,
MEX2,2037,4,,89652.0,4.048,,
MEX2,2037,5,,92444.0,4.048,,
MEX2,2037,6,,83952.0,4.048,,
MEX2,2037,7,,84616.0,4.048,,
MEX2,2037,8,,82836.0,4.048,,
MEX2,2037,9,,70747.0,4.048,,
MEX2,2037,10,,74778.0,4.048,,
MEX2,2037,11,,70852.0,4.048,,
MEX2,2037,12,,66412.0,4.048,,
MEX2,2038,1,,69688.0,4.25,,
MEX2,2038,2,,74772.0,4.25,,
MEX2,2038,3,,89438.0,4.25,,
MEX2,2038,4,,89162.0,4.25,,
MEX2,2038,5,,91938.0,4.25,,
MEX2,2038,6,,83493.0,4.25,,
MEX2,2038,7,,84153.0,4.25,,
MEX2,2038,8,,82383.0,4.25,,
MEX2,2038,9,,70360.0,4.25,,
MEX2,2038,10,,74369.0,4.25,,
MEX2,2038,11,,70465.0,4.25,,
MEX2,2038,12,,66049.0,4.25,,
MEX2,2039,1,,69307.0,4.463,,
MEX2,2039,2,,74363.0,4.463,,
MEX2,2039,3,,88948.0,4.463,,
MEX2,2039,4,,88674.0,4.463,,
MEX2,2039,5,,91435.0,4.463,,
MEX2,2039,6,,83036.0,4.463,,
MEX2,2039,7,,83693.0,4.463,,
MEX2,2039,8,,81932.0,4.463,,
MEX2,2039,9,,69975.0,4.463,,
MEX2,2039,10,,73962.0,4.463,,
MEX2,2039,11,,70080.0,4.463,,
MEX2,2039,12,,65688.0,4.463,,
MEX2,2040,1,,68928.0,4.686,,
MEX2,2040,2,,73956.0,4.686,,
MEX2,2040,3,,88462.0,4.686,,
MEX2,2040,4,,88189.0,4.686,,
MEX2,2040,5,,90935.0,4.686,,
MEX2,2040,6,,82582.0,4.686,,
MEX2,2040,7,,83235.0,4.686,,
MEX2,2040,8,,81484.0,4.686,,
MEX2,2040,9,,69592.0,4.686,,
MEX2,2040,10,,73558.0,4.686,,
MEX2,2040,11,,69696.0,4.686,,
MEX2,2040,12,,65328.0,4.686,,
NL1,2024,3,,84228.0,1.906,,
NL1,2024,4,,94899.0,1.906,,
NL1,2024,5,,91702.0,1.906,,
NL1,2024,6,,96883.0,1.906,,
NL1,2024,7,,97238.0,1.906,,
NL1,2024,8,,100997.0,1.906,,
NL1,2024,9,,83386.0,1.906,,
NL1,2024,10,,81110.0,1.906,,
NL1,2024,11,,66093.0,1.906,,
NL1,2024,12,,65624.0,1.906,,
NL1,2025,1,,70000.0,1.963,,
NL1,2025,2,,74319.0,1.963,,
NL1,2025,3,,84228.0,1.919,,
NL1,2025,4,,94899.0,1.994217,,
NL1,2025,5,,91702.0,2.0812646,,
NL1,2025,6,,96883.0,1.96,,
NL1,2025,7,,97238.0,1.96,,
NL1,2025,8,,100997.0,1.96,,
NL1,2025,9,,83386.0,1.96,,
NL1,2025,10,,81110.0,1.96,,
NL1,2025,11,,66093.0,1.96,,
NL1,2025,12,,65624.0,1.96,,
NL1,2026,1,69617.0,69617.0,2.022,,
NL1,2026,2,73912.0,73912.0,2.022,,
NL1,2026,3,83767.0,83767.0,2.022,,
NL1,2026,4,94380.0,94380.0,2.022,,
NL1,2026,5,91200.0,91200.0,2.022,,
NL1,2026,6,96353.0,96353.0,2.022,,
NL1,2026,7,96706.0,96706.0,2.022,,
NL1,2026,8,100445.0,100445.0,2.022,,
NL1,2026,9,82929.0,82929.0,2.022,,
NL1,2026,10,80667.0,80667.0,2.022,,
NL1,2026,11,65732.0,65732.0,2.022,,
NL1,2026,12,65265.0,65265.0,2.022,,
NL1,2027,1,,69237.0,2.082,,
NL1,2027,2,,73508.0,2.082,,
NL1,2027,3,,83309.0,2.082,,
NL1,2027,4,,93864.0,2.082,,
NL1,2027,5,,90701.0,2.082,,
NL1,2027,6,,95826.0,2.082,,
NL1,2027,7,,96177.0,2.082,,
NL1,2027,8,,99895.0,2.082,,
NL1,2027,9,,82476.0,2.082,,
NL1,2027,10,,80225.0,2.082,,
NL1,2027,11,,65372.0,2.082,,
NL1,2027,12,,64909.0,2.082,,
NL1,2028,1,,68858.0,2.145,,
NL1,2028,2,,73106.0,2.145,,
NL1,2028,3,,82853.0,2.145,,
NL1,2028,4,,93351.0,2.145,,
NL1,2028,5,,90205.0,2.145,,
NL1,2028,6,,95302.0,2.145,,
NL1,2028,7,,95651.0,2.145,,
NL1,2028,8,,99349.0,2.145,,
NL1,2028,9,,82025.0,2.145,,
NL1,2028,10,,79787.0,2.145,,
NL1,2028,11,,65015.0,2.145,,
NL1,2028,12,,64553.0,2.145,,
NL1,2029,1,,68481.0,2.209,,
NL1,2029,2,,72706.0,2.209,,
NL1,2029,3,,82400.0,2.209,,
NL1,2029,4,,92840.0,2.209,,
NL1,2029,5,,89712.0,2.209,,
NL1,2029,6,,94780.0,2.209,,
NL1,2029,7,,95128.0,2.209,,
NL1,2029,8,,98805.0,2.209,,
NL1,2029,9,,81576.0,2.209,,
NL1,2029,10,,79350.0,2.209,,
NL1,2029,11,,64659.0,2.209,,
NL1,2029,12,,64200.0,2.209,,
NL1,2030,1,,68107.0,2.276,,
NL1,2030,2,,72308.0,2.276,,
NL1,2030,3,,81949.0,2.276,,
NL1,2030,4,,92332.0,2.276,,
NL1,2030,5,,89221.0,2.276,,
NL1,2030,6,,94262.0,2.276,,
NL1,2030,7,,94608.0,2.276,,
NL1,2030,8,,98265.0,2.276,,
NL1,2030,9,,81130.0,2.276,,
NL1,2030,10,,78916.0,2.276,,
NL1,2030,11,,64305.0,2.276,,
NL1,2030,12,,63849.0,2.276,,
NL1,2031,1,,67734.0,2.344,,
NL1,2031,2,,71913.0,2.344,,
NL1,2031,3,,81501.0,2.344,,
NL1,2031,4,,91827.0,2.344,,
NL1,2031,5,,88733.0,2.344,,
NL1,2031,6,,93746.0,2.344,,
NL1,2031,7,,94090.0,2.344,,
NL1,2031,8,,97727.0,2.344,,
NL1,2031,9,,80686.0,2.344,,
NL1,2031,10,,78484.0,2.344,,
NL1,2031,11,,63954.0,2.344,,
NL1,2031,12,,63500.0,2.344,,
NL1,2032,1,,67364.0,2.414,,
NL1,2032,2,,71520.0,2.414,,
NL1,2032,3,,81055.0,2.414,,
NL1,2032,4,,91325.0,2.414,,
NL1,2032,5,,88248.0,2.414,,
NL1,2032,6,,93234.0,2.414,,
NL1,2032,7,,93575.0,2.414,,
NL1,2032,8,,97193.0,2.414,,
NL1,2032,9,,80245.0,2.414,,
NL1,2032,10,,78055.0,2.414,,
NL1,2032,11,,63604.0,2.414,,
NL1,2032,12,,63153.0,2.414,,
NL1,2033,1,,66995.0,2.487,,
NL1,2033,2,,71128.0,2.487,,
NL1,2033,3,,80612.0,2.487,,
NL1,2033,4,,90825.0,2.487,,
NL1,2033,5,,87765.0,2.487,,
NL1,2033,6,,92724.0,2.487,,
NL1,2033,7,,93064.0,2.487,,
NL1,2033,8,,96661.0,2.487,,
NL1,2033,9,,79806.0,2.487,,
NL1,2033,10,,77628.0,2.487,,
NL1,2033,11,,63256.0,2.487,,
NL1,2033,12,,62807.0,2.487,,
NL1,2034,1,,66629.0,2.561,,
NL1,2034,2,,70739.0,2.561,,
NL1,2034,3,,80171.0,2.561,,
NL1,2034,4,,90328.0,2.561,,
NL1,2034,5,,87285.0,2.561,,
NL1,2034,6,,92216.0,2.561,,
NL1,2034,7,,92555.0,2.561,,
NL1,2034,8,,96133.0,2.561,,
NL1,2034,9,,79369.0,2.561,,
NL1,2034,10,,77204.0,2.561,,
NL1,2034,11,,62910.0,2.561,,
NL1,2034,12,,62464.0,2.561,,
SLP1,2024,2,,5000.0,2.355,,
SLP1,2024,3,,5000.0,0.8242502,,
SLP1,2024,4,,5000.0,2.355,,
SLP1,2024,5,,24079.0,2.355,,
SLP1,2024,6,,24079.0,2.15587,,
SLP1,2024,7,,25149.0,2.22356,,
SLP1,2024,8,,25049.0,2.355,,
SLP1,2024,9,,22097.0,2.355,,
SLP1,2024,10,,23127.0,2.355,,
SLP1,2024,11,,20992.0,2.355,,
SLP1,2024,12,,19404.0,2.355,,
SLP1,2025,1,,21027.0,2.355,,
SLP1,2025,2,,20673.0,2.355,,
SLP1,2025,3,,26833.0,2.355,,
SLP1,2025,4,,26408.0,2.803656,,
SLP1,2025,5,,25538.0,2.472,,
SLP1,2025,6,,23947.0,2.472,,
SLP1,2025,7,,25011.0,2.472,,
SLP1,2025,8,,24912.0,2.472,,
SLP1,2025,9,,21977.0,3.07229,,
SLP1,2025,10,,23001.0,2.714464,,
SLP1,2025,11,,20877.0,2.472,,
SLP1,2025,12,,19298.0,2.472,,
SLP1,2026,1,21027.0,20912.0,2.596,,
SLP1,2026,2,20673.0,20560.0,2.596,,
SLP1,2026,3,26833.0,26686.0,2.596,,
SLP1,2026,4,26408.0,26263.0,2.596,,
SLP1,2026,5,25538.0,25398.0,2.596,,
SLP1,2026,6,23947.0,23816.0,2.596,,
SLP1,2026,7,25011.0,24874.0,2.596,,
SLP1,2026,8,24912.0,24775.0,2.596,,
SLP1,2026,9,21977.0,21856.0,2.596,,
SLP1,2026,10,23001.0,22875.0,2.596,,
SLP1,2026,11,20877.0,20763.0,2.596,,
SLP1,2026,12,19298.0,19192.0,2.596,,
SLP1,2027,1,,20797.0,2.726,,
SLP1,2027,2,,20448.0,2.726,,
SLP1,2027,3,,26540.0,2.726,,
SLP1,2027,4,,26120.0,2.726,,
SLP1,2027,5,,25259.0,2.726,,
SLP1,2027,6,,23686.0,2.726,,
SLP1,2027,7,,24738.0,2.726,,
SLP1,2027,8,,24640.0,2.726,,
SLP1,2027,9,,21737.0,2.726,,
SLP1,2027,10,,22750.0,2.726,,
SLP1,2027,11,,20649.0,2.726,,
SLP1,2027,12,,19087.0,2.726,,
SLP1,2028,1,,20684.0,2.862,,
SLP1,2028,2,,20336.0,2.862,,
SLP1,2028,3,,26395.0,2.862,,
SLP1,2028,4,,25977.0,2.862,,
SLP1,2028,5,,25121.0,2.862,,
SLP1,2028,6,,23556.0,2.862,,
SLP1,2028,7,,24603.0,2.862,,
SLP1,2028,8,,24505.0,2.862,,
SLP1,2028,9,,21618.0,2.862,,
SLP1,2028,10,,22625.0,2.862,,
SLP1,2028,11,,20536.0,2.862,,
SLP1,2028,12,,18983.0,2.862,,
SLP1,2029,1,,20571.0,3.005,,
SLP1,2029,2,,20225.0,3.005,,
SLP1,2029,3,,26251.0,3.005,,
SLP1,2029,4,,25835.0,3.005,,
SLP1,2029,5,,24984.0,3.005,,
SLP1,2029,6,,23428.0,3.005,,
SLP1,2029,7,,24468.0,3.005,,
SLP1,2029,8,,24371.0,3.005,,
SLP1,2029,9,,21500.0,3.005,,
SLP1,2029,10,,22502.0,3.005,,
SLP1,2029,11,,20424.0,3.005,,
SLP1,2029,12,,18879.0,3.005,,
SLP1,2030,1,,20458.0,3.155,,
SLP1,2030,2,,20114.0,3.155,,
SLP1,2030,3,,26107.0,3.155,,
SLP1,2030,4,,25694.0,3.155,,
SLP1,2030,5,,24847.0,3.155,,
SLP1,2030,6,,23299.0,3.155,,
SLP1,2030,7,,24335.0,3.155,,
SLP1,2030,8,,24238.0,3.155,,
SLP1,2030,9,,21382.0,3.155,,
SLP1,2030,10,,22379.0,3.155,,
SLP1,2030,11,,20312.0,3.155,,
SLP1,2030,12,,18776.0,3.155,,
SLP1,2031,1,,20346.0,3.313,,
SLP1,2031,2,,20004.0,3.313,,
SLP1,2031,3,,25964.0,3.313,,
SLP1,2031,4,,25553.0,3.313,,
SLP1,2031,5,,24711.0,3.313,,
SLP1,2031,6,,23172.0,3.313,,
SLP1,2031,7,,24202.0,3.313,,
SLP1,2031,8,,24105.0,3.313,,
SLP1,2031,9,,21265.0,3.313,,
SLP1,2031,10,,22256.0,3.313,,
SLP1,2031,11,,20201.0,3.313,,
SLP1,2031,12,,18673.0,3.313,,
SLP1,2032,1,,20235.0,3.479,,
SLP1,2032,2,,19895.0,3.479,,
SLP1,2032,3,,25822.0,3.479,,
SLP1,2032,4,,25413.0,3.479,,
SLP1,2032,5,,24576.0,3.479,,
SLP1,2032,6,,23045.0,3.479,,
SLP1,2032,7,,24069.0,3.479,,
SLP1,2032,8,,23973.0,3.479,,
SLP1,2032,9,,21149.0,3.479,,
SLP1,2032,10,,22134.0,3.479,,
SLP1,2032,11,,20091.0,3.479,,
SLP1,2032,12,,18571.0,3.479,,
SLP1,2033,1,,20124.0,3.653,,
SLP1,2033,2,,19786.0,3.653,,
SLP1,2033,3,,25681.0,3.653,,
SLP1,2033,4,,25274.0,3.653,,
SLP1,2033,5,,24442.0,3.653,,
SLP1,2033,6,,22919.0,3.653,,
SLP1,2033,7,,23938.0,3.653,,
SLP1,2033,8,,23842.0,3.653,,
SLP1,2033,9,,21033.0,3.653,,
SLP1,2033,10,,22013.0,3.653,,
SLP1,2033,11,,19981.0,3.653,,
SLP1,2033,12,,18469.0,3.653,,
SLP1,2034,1,,20014.0,3.835,,
SLP1,2034,2,,19678.0,3.835,,
SLP1,2034,3,,25540.0,3.835,,
SLP1,2034,4,,25136.0,3.835,,
SLP1,2034,5,,24308.0,3.835,,
SLP1,2034,6,,22794.0,3.835,,
SLP1,2034,7,,23807.0,3.835,,
SLP1,2034,8,,23712.0,3.835,,
SLP1,2034,9,,20918.0,3.835,,
SLP1,2034,10,,21893.0,3.835,,
SLP1,2034,11,,19871.0,3.835,,
SLP1,2034,12,,18368.0,3.835,,
SLP1,2035,1,,19905.0,4.027,,
SLP1,2035,2,,19570.0,4.027,,
SLP1,2035,3,,25401.0,4.027,,
SLP1,2035,4,,24998.0,4.027,,
SLP1,2035,5,,24175.0,4.027,,
SLP1,2035,6,,22669.0,4.027,,
SLP1,2035,7,,23676.0,4.027,,
SLP1,2035,8,,23582.0,4.027,,
SLP1,2035,9,,20804.0,4.027,,
SLP1,2035,10,,21773.0,4.027,,
SLP1,2035,11,,19763.0,4.027,,
SLP1,2035,12,,18268.0,4.027,,
SLP1,2036,1,,19796.0,4.228,,
SLP1,2036,2,,19463.0,4.228,,
SLP1,2036,3,,25262.0,4.228,,
SLP1,2036,4,,24862.0,4.228,,
SLP1,2036,5,,24043.0,4.228,,
SLP1,2036,6,,22545.0,4.228,,
SLP1,2036,7,,23547.0,4.228,,
SLP1,2036,8,,23453.0,4.228,,
SLP1,2036,9,,20690.0,4.228,,
SLP1,2036,10,,21654.0,4.228,,
SLP1,2036,11,,19655.0,4.228,,
SLP1,2036,12,,18168.0,4.228,,
SLP1,2037,1,,19687.0,4.44,,
SLP1,2037,2,,19357.0,4.44,,
SLP1,2037,3,,25124.0,4.44,,
SLP1,2037,4,,24726.0,4.44,,
SLP1,2037,5,,23911.0,4.44,,
SLP1,2037,6,,22422.0,4.44,,
SLP1,2037,7,,23418.0,4.44,,
SLP1,2037,8,,23325.0,4.44,,
SLP1,2037,9,,20577.0,4.44,,
SLP1,2037,10,,21536.0,4.44,,
SLP1,2037,11,,19547.0,4.44,,
SLP1,2037,12,,18068.0,4.44,,
SLP1,2038,1,,19580.0,4.662,,
SLP1,2038,2,,19251.0,4.662,,
SLP1,2038,3,,24986.0,4.662,,
SLP1,2038,4,,24590.0,4.662,,
SLP1,2038,5,,23780.0,4.662,,
SLP1,2038,6,,22299.0,4.662,,
SLP1,2038,7,,23290.0,4.662,,
SLP1,2038,8,,23197.0,4.662,,
SLP1,2038,9,,20464.0,4.662,,
SLP1,2038,10,,21418.0,4.662,,
SLP1,2038,11,,19440.0,4.662,,
SLP1,2038,12,,17970.0,4.662,,
SLP1,2039,1,,19473.0,4.895,,
SLP1,2039,2,,19145.0,4.895,,
SLP1,2039,3,,24850.0,4.895,,
SLP1,2039,4,,24456.0,4.895,,
SLP1,2039,5,,23650.0,4.895,,
SLP1,2039,6,,22177.0,4.895,,
SLP1,2039,7,,23163.0,4.895,,
SLP1,2039,8,,23070.0,4.895,,
SLP1,2039,9,,20352.0,4.895,,
SLP1,2039,10,,21301.0,4.895,,
SLP1,2039,11,,19334.0,4.895,,
SLP1,2039,12,,17871.0,4.895,,
SLP1,2040,1,,19366.0,5.14,,
SLP1,2040,2,,19041.0,5.14,,
SLP1,2040,3,,24714.0,5.14,,
SLP1,2040,4,,24322.0,5.14,,
SLP1,2040,5,,23521.0,5.14,,
SLP1,2040,6,,22056.0,5.14,,
SLP1,2040,7,,23036.0,5.14,,
SLP1,2040,8,,22944.0,5.14,,
SLP1,2040,9,,20241.0,5.14,,
SLP1,2040,10,,21184.0,5.14,,
SLP1,2040,11,,19228.0,5.14,,
SLP1,2040,12,,17774.0,5.14,,
SLP1,2041,1,,19260.0,5.397,,
SLP1,2041,2,,18936.0,5.397,,
SLP1,2041,3,,24578.0,5.397,,
SLP1,2041,4,,24189.0,5.397,,
SLP1,2041,5,,23392.0,5.397,,
SLP1,2041,6,,21935.0,5.397,,
SLP1,2041,7,,22910.0,5.397,,
SLP1,2041,8,,22818.0,5.397,,
SLP1,2041,9,,20130.0,5.397,,
SLP1,2041,10,,21068.0,5.397,,
SLP1,2041,11,,19123.0,5.397,,
SLP1,2041,12,,17676.0,5.397,,
SLP1,2042,1,,19155.0,5.666,,
SLP1,2042,2,,18833.0,5.666,,
SLP1,2042,3,,24444.0,5.666,,
SLP1,2042,4,,24057.0,5.666,,
SLP1,2042,5,,23264.0,5.666,,
SLP1,2042,6,,21815.0,5.666,,
SLP1,2042,7,,22785.0,5.666,,
SLP1,2042,8,,22694.0,5.666,,
SLP1,2042,9,,20020.0,5.666,,
SLP1,2042,10,,20953.0,5.666,,
SLP1,2042,11,,19018.0,5.666,,
SLP1,2042,12,,17580.0,5.666,,
SLP1,2043,1,,19050.0,5.95,,
SLP1,2043,2,,18730.0,5.95,,
SLP1,2043,3,,24310.0,5.95,,
SLP1,2043,4,,23925.0,5.95,,
SLP1,2043,5,,23137.0,5.95,,
SLP1,2043,6,,21696.0,5.95,,
SLP1,2043,7,,22660.0,5.95,,
SLP1,2043,8,,22570.0,5.95,,
SLP1,2043,9,,19911.0,5.95,,
SLP1,2043,10,,20838.0,5.95,,
SLP1,2043,11,,18914.0,5.95,,
SLP1,2043,12,,17484.0,5.95,,
SLP2,2024,6,,50184.0,2.233,,
SLP2,2024,7,,50184.0,2.233,,
SLP2,2024,8,,49216.0,2.233,,
SLP2,2024,9,,41434.0,2.233,,
SLP2,2024,10,,39743.0,2.233,,
SLP2,2024,11,,35421.0,2.233,,
SLP2,2024,12,,33287.0,2.233,,
SLP2,2025,1,,34745.0,2.233,,
SLP2,2025,2,,34956.0,2.233,,
SLP2,2025,3,,48676.0,2.233,,
SLP2,2025,4,,49786.0,2.625,,
SLP2,2025,5,,51874.0,2.345,,
SLP2,2025,6,,47779.0,2.345,,
SLP2,2025,7,,49200.0,2.345,,
SLP2,2025,8,,48251.0,2.345,,
SLP2,2025,9,,40621.0,2.345,,
SLP2,2025,10,,38963.0,2.345,,
SLP2,2025,11,,34727.0,2.345,,
SLP2,2025,12,,32634.0,2.345,,
SLP2,2026,1,34745.0,34555.0,2.462,,
SLP2,2026,2,34956.0,34765.0,2.462,,
SLP2,2026,3,48676.0,48410.0,2.462,,
SLP2,2026,4,49786.0,49514.0,2.462,,
SLP2,2026,5,51874.0,51590.0,2.462,,
SLP2,2026,6,47779.0,47517.0,2.462,,
SLP2,2026,7,49200.0,48931.0,2.462,,
SLP2,2026,8,48251.0,47987.0,2.462,,
SLP2,2026,9,40621.0,40399.0,2.462,,
SLP2,2026,10,38963.0,38750.0,2.462,,
SLP2,2026,11,34727.0,34537.0,2.462,,
SLP2,2026,12,32634.0,32455.0,2.462,,
SLP2,2027,1,,34366.0,2.585,,
SLP2,2027,2,,34575.0,2.585,,
SLP2,2027,3,,48145.0,2.585,,
SLP2,2027,4,,49243.0,2.585,,
SLP2,2027,5,,51308.0,2.585,,
SLP2,2027,6,,47258.0,2.585,,
SLP2,2027,7,,48664.0,2.585,,
SLP2,2027,8,,47724.0,2.585,,
SLP2,2027,9,,40178.0,2.585,,
SLP2,2027,10,,38538.0,2.585,,
SLP2,2027,11,,34348.0,2.585,,
SLP2,2027,12,,32278.0,2.585,,
SLP2,2028,1,,34178.0,2.715,,
SLP2,2028,2,,34386.0,2.715,,
SLP2,2028,3,,47882.0,2.715,,
SLP2,2028,4,,48974.0,2.715,,
SLP2,2028,5,,51027.0,2.715,,
SLP2,2028,6,,46999.0,2.715,,
SLP2,2028,7,,48397.0,2.715,,
SLP2,2028,8,,47463.0,2.715,,
SLP2,2028,9,,39958.0,2.715,,
SLP2,2028,10,,38327.0,2.715,,
SLP2,2028,11,,34160.0,2.715,,
SLP2,2028,12,,32101.0,2.715,,
SLP2,2029,1,,33991.0,2.85,,
SLP2,2029,2,,34198.0,2.85,,
SLP2,2029,3,,47620.0,2.85,,
SLP2,2029,4,,48706.0,2.85,,
SLP2,2029,5,,50748.0,2.85,,
SLP2,2029,6,,46742.0,2.85,,
SLP2,2029,7,,48133.0,2.85,,
SLP2,2029,8,,47203.0,2.85,,
SLP2,2029,9,,39740.0,2.85,,
SLP2,2029,10,,38118.0,2.85,,
SLP2,2029,11,,33973.0,2.85,,
SLP2,2029,12,,31926.0,2.85,,
SLP2,2030,1,,33805.0,2.993,,
SLP2,2030,2,,34011.0,2.993,,
SLP2,2030,3,,47359.0,2.993,,
SLP2,2030,4,,48439.0,2.993,,
SLP2,2030,5,,50470.0,2.993,,
SLP2,2030,6,,46486.0,2.993,,
SLP2,2030,7,,47869.0,2.993,,
SLP2,2030,8,,46945.0,2.993,,
SLP2,2030,9,,39522.0,2.993,,
SLP2,2030,10,,37909.0,2.993,,
SLP2,2030,11,,33787.0,2.993,,
SLP2,2030,12,,31751.0,2.993,,
SLP2,2031,1,,33620.0,3.142,,
SLP2,2031,2,,33825.0,3.142,,
SLP2,2031,3,,47100.0,3.142,,
SLP2,2031,4,,48174.0,3.142,,
SLP2,2031,5,,50194.0,3.142,,
SLP2,2031,6,,46232.0,3.142,,
SLP2,2031,7,,47608.0,3.142,,
SLP2,2031,8,,46689.0,3.142,,
SLP2,2031,9,,39306.0,3.142,,
SLP2,2031,10,,37702.0,3.142,,
SLP2,2031,11,,33602.0,3.142,,
SLP2,2031,12,,31577.0,3.142,,
SLP2,2032,1,,33436.0,3.3,,
SLP2,2032,2,,33640.0,3.3,,
SLP2,2032,3,,46843.0,3.3,,
SLP2,2032,4,,47911.0,3.3,,
SLP2,2032,5,,49920.0,3.3,,
SLP2,2032,6,,45979.0,3.3,,
SLP2,2032,7,,47347.0,3.3,,
SLP2,2032,8,,46433.0,3.3,,
SLP2,2032,9,,39091.0,3.3,,
SLP2,2032,10,,37496.0,3.3,,
SLP2,2032,11,,33419.0,3.3,,
SLP2,2032,12,,31405.0,3.3,,
SLP2,2033,1,,33253.0,3.464,,
SLP2,2033,2,,33456.0,3.464,,
SLP2,2033,3,,46586.0,3.464,,
SLP2,2033,4,,47649.0,3.464,,
SLP2,2033,5,,49647.0,3.464,,
SLP2,2033,6,,45728.0,3.464,,
SLP2,2033,7,,47088.0,3.464,,
SLP2,2033,8,,46179.0,3.464,,
SLP2,2033,9,,38877.0,3.464,,
SLP2,2033,10,,37291.0,3.464,,
SLP2,2033,11,,33236.0,3.464,,
SLP2,2033,12,,31233.0,3.464,,
SLP2,2034,1,,33071.0,3.638,,
SLP2,2034,2,,33273.0,3.638,,
SLP2,2034,3,,46332.0,3.638,,
SLP2,2034,4,,47388.0,3.638,,
SLP2,2034,5,,49375.0,3.638,,
SLP2,2034,6,,45478.0,3.638,,
SLP2,2034,7,,46831.0,3.638,,
SLP2,2034,8,,45927.0,3.638,,
SLP2,2034,9,,38665.0,3.638,,
SLP2,2034,10,,37087.0,3.638,,
SLP2,2034,11,,33054.0,3.638,,
SLP2,2034,12,,31062.0,3.638,,
SLP2,2035,1,,32891.0,3.82,,
SLP2,2035,2,,33091.0,3.82,,
SLP2,2035,3,,46078.0,3.82,,
SLP2,2035,4,,47129.0,3.82,,
SLP2,2035,5,,49105.0,3.82,,
SLP2,2035,6,,45229.0,3.82,,
SLP2,2035,7,,46574.0,3.82,,
SLP2,2035,8,,45675.0,3.82,,
SLP2,2035,9,,38453.0,3.82,,
SLP2,2035,10,,36884.0,3.82,,
SLP2,2035,11,,32873.0,3.82,,
SLP2,2035,12,,30892.0,3.82,,
SLP2,2036,1,,32711.0,4.011,,
SLP2,2036,2,,32910.0,4.011,,
SLP2,2036,3,,45826.0,4.011,,
SLP2,2036,4,,46871.0,4.011,,
SLP2,2036,5,,48836.0,4.011,,
SLP2,2036,6,,44981.0,4.011,,
SLP2,2036,7,,46320.0,4.011,,
SLP2,2036,8,,45425.0,4.011,,
SLP2,2036,9,,38243.0,4.011,,
SLP2,2036,10,,36682.0,4.011,,
SLP2,2036,11,,32693.0,4.011,,
SLP2,2036,12,,30723.0,4.011,,
SLP2,2037,1,,32532.0,4.211,,
SLP2,2037,2,,32730.0,4.211,,
SLP2,2037,3,,45575.0,4.211,,
SLP2,2037,4,,46615.0,4.211,,
SLP2,2037,5,,48569.0,4.211,,
SLP2,2037,6,,44735.0,4.211,,
SLP2,2037,7,,46066.0,4.211,,
SLP2,2037,8,,45177.0,4.211,,
SLP2,2037,9,,38034.0,4.211,,
SLP2,2037,10,,36481.0,4.211,,
SLP2,2037,11,,32515.0,4.211,,
SLP2,2037,12,,30555.0,4.211,,
SLP2,2038,1,,32354.0,4.422,,
SLP2,2038,2,,32551.0,4.422,,
SLP2,2038,3,,45326.0,4.422,,
SLP2,2038,4,,46360.0,4.422,,
SLP2,2038,5,,48304.0,4.422,,
SLP2,2038,6,,44491.0,4.422,,
SLP2,2038,7,,45814.0,4.422,,
SLP2,2038,8,,44930.0,4.422,,
SLP2,2038,9,,37826.0,4.422,,
SLP2,2038,10,,36282.0,4.422,,
SLP2,2038,11,,32337.0,4.422,,
SLP2,2038,12,,30388.0,4.422,,
SLP2,2039,1,,32177.0,2.643,,
SLP2,2039,2,,32373.0,2.643,,
SLP2,2039,3,,45078.0,2.643,,
SLP2,2039,4,,46106.0,2.643,,
SLP2,2039,5,,48039.0,2.643,,
SLP2,2039,6,,44247.0,2.643,,
SLP2,2039,7,,45564.0,2.643,,
SLP2,2039,8,,44684.0,2.643,,
SLP2,2039,9,,37619.0,2.643,,
SLP2,2039,10,,36083.0,2.643,,
SLP2,2039,11,,32160.0,2.643,,
SLP2,2039,12,,30222.0,2.643,,
SLP2,2040,1,,32001.0,4.875,,
SLP2,2040,2,,32195.0,4.875,,
SLP2,2040,3,,44832.0,4.875,,
SLP2,2040,4,,45854.0,4.875,,
SLP2,2040,5,,47777.0,4.875,,
SLP2,2040,6,,44005.0,4.875,,
SLP2,2040,7,,45314.0,4.875,,
SLP2,2040,8,,44440.0,4.875,,
SLP2,2040,9,,37413.0,4.875,,
SLP2,2040,10,,35886.0,4.875,,
SLP2,2040,11,,31984.0,4.875,,
SLP2,2040,12,,30056.0,4.875,,
SLP2,2041,1,,31826.0,5.119,,
SLP2,2041,2,,32019.0,5.119,,
SLP2,2041,3,,44586.0,5.119,,
SLP2,2041,4,,45603.0,5.119,,
SLP2,2041,5,,47515.0,5.119,,
SLP2,2041,6,,43765.0,5.119,,
SLP2,2041,7,,45067.0,5.119,,
SLP2,2041,8,,44197.0,5.119,,
SLP2,2041,9,,37208.0,5.119,,
SLP2,2041,10,,35690.0,5.119,,
SLP2,2041,11,,31809.0,5.119,,
SLP2,2041,12,,29892.0,5.119,,
SLP2,2042,1,,31652.0,5.375,,
SLP2,2042,2,,31844.0,5.375,,
SLP2,2042,3,,44343.0,5.375,,
SLP2,2042,4,,45354.0,5.375,,
SLP2,2042,5,,47255.0,5.375,,
SLP2,2042,6,,43525.0,5.375,,
SLP2,2042,7,,44820.0,5.375,,
SLP2,2042,8,,43955.0,5.375,,
SLP2,2042,9,,37005.0,5.375,,
SLP2,2042,10,,35495.0,5.375,,
SLP2,2042,11,,31635.0,5.375,,
SLP2,2042,12,,29729.0,5.375,,
SLP2,2043,1,,31479.0,5.643,,
SLP2,2043,2,,31670.0,5.643,,
SLP2,2043,3,,44100.0,5.643,,
SLP2,2043,4,,45106.0,5.643,,
SLP2,2043,5,,46997.0,5.643,,
SLP2,2043,6,,43287.0,5.643,,
SLP2,2043,7,,44575.0,5.643,,
SLP2,2043,8,,43714.0,5.643,,
SLP2,2043,9,,36802.0,5.643,,
SLP2,2043,10,,35300.0,5.643,,
SLP2,2043,11,,31462.0,5.643,,
SLP2,2043,12,,29566.0,5.643,,
