loan_id,plant_key,ref_month,installment_no,total_installments,payment_mxn,payment_ccy,xr,due_after_mxn
GTO1-L1,GTO1,2024-10,1,84,94668.89,,,10365302.11
GTO1-L1,GTO1,2024-11,2,84,85770.64,,,10279531.47
GTO1-L1,GTO1,2024-12,3,84,91685.86,,,10187845.61
GTO1-L1,GTO1,2025-01,4,84,171932.77,,,10015912.84
GTO1-L1,GTO1,2025-02,5,84,167879.75,,,9848033.09
GTO1-L1,GTO1,2025-03,6,84,161015.18,,,9687017.91
GTO1-L1,GTO1,2025-04,7,84,174233.13,,,9512784.78
GTO1-L1,GTO1,2025-05,8,84,158970.41,,,9353814.37
GTO1-L1,GTO1,2025-06,9,84,166273.15,,,9187541.22
GTO1-L1,GTO1,2025-07,10,84,167879.75,,,9019661.47
GTO1-L1,GTO1,2025-08,11,84,158605.27,,,8861056.2
GTO1-L1,GTO1,2025-09,12,84,162877.38,,,8698178.82
GTO1-L1,GTO1,2025-10,13,84,161745.45,,,8536433.37
GTO1-L1,GTO1,2025-11,14,84,158021.06,,,8378412.31
GTO1-L1,GTO1,2025-12,15,84,164593.52,,,8213818.79
GTO1-L1,GTO1,2026-01,16,84,150791.35,,,8063027.44
GTO1-L1,GTO1,2026-02,17,84,157217.76,,,7905809.68
GTO1-L1,GTO1,2026-03,18,84,148746.58,,,7757063.1
GTO1-L1,GTO1,2026-04,19,84,157363.81,,,7599699.29
GTO1-L1,GTO1,2026-05,20,84,149075.2,,,7450624.09
GTO1-L1,GTO1,2026-06,21,84,152690.06,,,7297934.03
GTO1-L1,GTO1,2026-07,22,84,151558.14,,,7146375.89
GTO1-L1,GTO1,2026-08,23,84,148162.36,,,6998213.53
GTO1-L1,GTO1,2026-09,24,84,153748.96,,,6844464.57
GTO1-L1,GTO1,2026-10,25,84,141589.9,,,6702874.67
GTO1-L1,GTO1,2026-11,26,84,147030.44,,,6555844.23
GTO1-L1,GTO1,2026-12,27,84,148016.31,,,6407827.92
GTO1-L1,GTO1,2027-01,28,84,140604.03,,,6267223.89
GTO1-L1,GTO1,2027-02,29,84,143634.67,,,6123589.22
GTO1-L1,GTO1,2027-03,30,84,136477.98,,,5987111.24
GTO1-L1,GTO1,2027-04,31,84,141370.82,,,5845740.42
GTO1-L1,GTO1,2027-05,32,84,138303.66,,,5707436.76
GTO1-L1,GTO1,2027-06,33,84,142904.39,,,5564532.37
GTO1-L1,GTO1,2027-07,34,84,132388.45,,,5432143.92
GTO1-L1,GTO1,2027-08,35,84,136843.12,,,5295300.8
GTO1-L1,GTO1,2027-09,36,84,137500.37,,,5157800.43
GTO1-L1,GTO1,2027-10,37,84,131073.96,,,5026726.47
GTO1-L1,GTO1,2027-11,38,84,133447.35,,,4893279.12
GTO1-L1,GTO1,2027-12,39,84,132315.42,,,4760963.7
GTO1-L1,GTO1,2028-01,40,84,129540.38,,,4631423.32
GTO1-L1,GTO1,2028-02,41,84,133264.78,,,4498158.54
GTO1-L1,GTO1,2028-03,42,84,124209.39,,,4373949.15
GTO1-L1,GTO1,2028-04,43,84,126254.16,,,4247694.99
GTO1-L1,GTO1,2028-05,44,84,125158.74,,,4122536.25
GTO1-L1,GTO1,2028-06,45,84,125523.88,,,3997012.37
GTO1-L1,GTO1,2028-07,46,84,122967.92,,,3874044.45
GTO1-L1,GTO1,2028-08,47,84,126035.07,,,3748009.38
GTO1-L1,GTO1,2028-09,48,84,119426.1,,,3628583.28
GTO1-L1,GTO1,2028-10,49,84,119681.69,,,3508901.59
GTO1-L1,GTO1,2028-11,50,84,121142.24,,,3387759.35
GTO1-L1,GTO1,2028-12,51,84,117490.87,,,3270268.48
GTO1-L1,GTO1,2029-01,52,84,116395.46,,,3153873.02
GTO1-L1,GTO1,2029-02,53,84,116468.49,,,3037404.53
GTO1-L1,GTO1,2029-03,54,84,111940.79,,,2925463.74
GTO1-L1,GTO1,2029-04,55,84,114204.64,,,2811259.1
GTO1-L1,GTO1,2029-05,56,84,114131.61,,,2697127.49
GTO1-L1,GTO1,2029-06,57,84,109896.02,,,2587231.47
GTO1-L1,GTO1,2029-07,58,84,109822.99,,,2477408.48
GTO1-L1,GTO1,2029-08,59,84,110626.3,,,2366782.18
GTO1-L1,GTO1,2029-09,60,84,107632.18,,,2259150.0
GTO1-L1,GTO1,2029-10,61,84,106536.76,,,2152613.24
GTO1-L1,GTO1,2029-11,62,84,106281.17,,,2046332.07
GTO1-L1,GTO1,2029-12,63,84,105149.24,,,1941182.83
GTO1-L1,GTO1,2030-01,64,84,104784.1,,,1836398.73
GTO1-L1,GTO1,2030-02,65,84,101424.85,,,1734973.88
GTO1-L1,GTO1,2030-03,66,84,99672.19,,,1635301.69
GTO1-L1,GTO1,2030-04,67,84,100621.55,,,1534680.14
GTO1-L1,GTO1,2030-05,68,84,99489.63,,,1435190.51
GTO1-L1,GTO1,2030-06,69,84,97773.48,,,1337417.03
GTO1-L1,GTO1,2030-07,70,84,96678.07,,,1240738.96
GTO1-L1,GTO1,2030-08,71,84,96093.85,,,1144645.11
GTO1-L1,GTO1,2030-09,72,84,94961.93,,,1049683.18
GTO1-L1,GTO1,2030-10,73,84,94268.17,,,955415.01
GTO1-L1,GTO1,2030-11,74,84,91894.78,,,863520.23
GTO1-L1,GTO1,2030-12,75,84,91566.16,,,771954.07
GTO1-L1,GTO1,2031-01,76,84,90434.23,,,681519.84
GTO1-L1,GTO1,2031-02,77,84,89010.2,,,592509.64
GTO1-L1,GTO1,2031-03,78,84,87403.59,,,505106.05
GTO1-L1,GTO1,2031-04,79,84,87476.62,,,417629.43
GTO1-L1,GTO1,2031-05,80,84,85358.83,,,332270.6
GTO1-L1,GTO1,2031-06,81,84,84774.61,,,247495.99
GTO1-L1,GTO1,2031-07,82,84,83752.23,,,163743.76
GTO1-L1,GTO1,2031-08,83,84,82364.71,,,81379.05
GTO1-L1,GTO1,2031-09,84,84,81379.13,,,-0.08
LGTO1-L1,LGTO1,2025-07,1,72,883079.1672,45839.0,19.2648,13125623.5
LGTO1-L1,LGTO1,2025-08,2,72,99332.3094,5258.46,18.89,13026291.19
LGTO1-L1,LGTO1,2025-09,3,72,233716.8733,12478.21,18.73,12792574.32
LGTO1-L1,LGTO1,2025-10,4,72,236302.088,12569.26,18.8,12556272.23
LGTO1-L1,LGTO1,2025-11,5,72,240838.528,12810.56,18.8,12315433.7
LGTO1-L1,LGTO1,2025-12,6,72,226446.3348,12280.17,18.44,12088987.37
LGTO1-L1,LGTO1,2026-01,7,72,231520.655,12514.63,18.5,11857466.71
LGTO1-L1,LGTO1,2026-02,8,72,229678.6272,12592.03,18.24,11627788.08
LGTO1-L1,LGTO1,2026-03,9,72,211997.5052,11790.74,17.98,11415790.58
LGTO1-L1,LGTO1,2026-04,10,72,231520.9084,12876.58,17.98,11184269.67
LGTO1-L1,LGTO1,2026-05,11,72,212324.921,11808.95,17.98,10971944.75
LGTO1-L1,LGTO1,2026-06,12,72,213675.5786,11884.07,17.98,10758269.17
LGTO1-L1,LGTO1,2026-07,13,72,214944.4272,11954.64,17.98,10543324.74
LGTO1-L1,LGTO1,2026-08,14,72,218546.1808,12154.96,17.98,10324778.56
LGTO1-L1,LGTO1,2026-09,15,72,212488.7188,11818.06,17.98,10112289.84
LGTO1-L1,LGTO1,2026-10,16,72,211260.8646,11749.77,17.98,9901028.98
LGTO1-L1,LGTO1,2026-11,17,72,214617.0114,11936.43,17.98,9686411.968
LGTO1-L1,LGTO1,2026-12,18,72,206553.8804,11487.98,17.98,9479858.088
LGTO1-L1,LGTO1,2027-01,19,72,214207.7866,11913.67,17.98,9265650.301
LGTO1-L1,LGTO1,2027-02,20,72,204179.981,11355.95,17.98,9061470.32
LGTO1-L1,LGTO1,2027-03,21,72,200864.6488,11171.56,17.98,8860605.671
LGTO1-L1,LGTO1,2027-04,22,72,205980.8578,11456.11,17.98,8654624.814
LGTO1-L1,LGTO1,2027-05,23,72,204712.0092,11385.54,17.98,8449912.804
LGTO1-L1,LGTO1,2027-06,24,72,201437.8512,11203.44,17.98,8248474.953
LGTO1-L1,LGTO1,2027-07,25,72,200209.8172,11135.14,17.98,8048265.136
LGTO1-L1,LGTO1,2027-08,26,72,200905.6432,11173.84,17.98,7847359.493
LGTO1-L1,LGTO1,2027-09,27,72,199636.7946,11103.27,17.98,7647722.698
LGTO1-L1,LGTO1,2027-10,28,72,200209.8172,11135.14,17.98,7447512.881
LGTO1-L1,LGTO1,2027-11,29,72,195298.2206,10861.97,17.98,7252214.66
LGTO1-L1,LGTO1,2027-12,30,72,192310.484,10695.8,17.98,7059904.176
LGTO1-L1,LGTO1,2028-01,31,72,196280.6478,10916.61,17.98,6863623.529
LGTO1-L1,LGTO1,2028-02,32,72,191614.658,10657.1,17.98,6672008.871
LGTO1-L1,LGTO1,2028-03,33,72,188749.545,10497.75,17.98,6483259.326
LGTO1-L1,LGTO1,2028-04,34,72,192351.4784,10698.08,17.98,6290907.847
LGTO1-L1,LGTO1,2028-05,35,72,186375.8254,10365.73,17.98,6104532.022
LGTO1-L1,LGTO1,2028-06,36,72,188217.5168,10468.16,17.98,5916314.505
LGTO1-L1,LGTO1,2028-07,37,72,186948.6682,10397.59,17.98,5729365.837
LGTO1-L1,LGTO1,2028-08,38,72,184247.353,10247.35,17.98,5545118.484
LGTO1-L1,LGTO1,2028-09,39,72,187194.275,10411.25,17.98,5357924.209
LGTO1-L1,LGTO1,2028-10,40,72,179090.1496,9960.52,17.98,5178834.059
LGTO1-L1,LGTO1,2028-11,41,72,183183.1168,10188.16,17.98,4995650.942
LGTO1-L1,LGTO1,2028-12,42,72,180604.605,10044.75,17.98,4815046.337
LGTO1-L1,LGTO1,2029-01,43,72,176880.048,9837.6,17.98,4638166.289
LGTO1-L1,LGTO1,2029-02,44,72,178066.9078,9903.61,17.98,4460099.382
LGTO1-L1,LGTO1,2029-03,45,72,173360.1034,9641.83,17.98,4286739.278
LGTO1-L1,LGTO1,2029-04,46,72,175529.3904,9762.48,17.98,4111209.888
LGTO1-L1,LGTO1,2029-05,47,72,173196.3056,9632.72,17.98,3938013.582
LGTO1-L1,LGTO1,2029-06,48,72,175038.1768,9735.16,17.98,3762975.405
LGTO1-L1,LGTO1,2029-07,49,72,168776.1024,9386.88,17.98,3594199.303
LGTO1-L1,LGTO1,2029-08,50,72,170453.996,9480.2,17.98,3423745.307
LGTO1-L1,LGTO1,2029-09,51,72,170085.7656,9459.72,17.98,3253659.541
LGTO1-L1,LGTO1,2029-10,52,72,166197.4108,9243.46,17.98,3087462.131
LGTO1-L1,LGTO1,2029-11,53,72,169103.5182,9405.09,17.98,2918358.612
LGTO1-L1,LGTO1,2029-12,54,72,163045.8764,9068.18,17.98,2755312.736
LGTO1-L1,LGTO1,2030-01,55,72,163373.2922,9086.39,17.98,2591939.444
LGTO1-L1,LGTO1,2030-02,56,72,164928.5622,9172.89,17.98,2427010.882
LGTO1-L1,LGTO1,2030-03,57,72,158952.9092,8840.54,17.98,2268057.972
LGTO1-L1,LGTO1,2030-04,58,72,159075.7126,8847.37,17.98,2108982.26
LGTO1-L1,LGTO1,2030-05,59,72,158461.8754,8813.23,17.98,1950520.384
LGTO1-L1,LGTO1,2030-06,60,72,158298.0776,8804.12,17.98,1792222.307
LGTO1-L1,LGTO1,2030-07,61,72,155514.7736,8649.32,17.98,1636707.533
LGTO1-L1,LGTO1,2030-08,62,72,155228.3522,8633.39,17.98,1481479.181
LGTO1-L1,LGTO1,2030-09,63,72,153959.5036,8562.82,17.98,1327519.677
LGTO1-L1,LGTO1,2030-10,64,72,152322.4246,8471.77,17.98,1175197.253
LGTO1-L1,LGTO1,2030-11,65,72,152076.638,8458.1,17.98,1023120.615
LGTO1-L1,LGTO1,2030-12,66,72,149293.5138,8303.31,17.98,873827.101
LGTO1-L1,LGTO1,2031-01,67,72,148884.289,8280.55,17.98,724942.812
LGTO1-L1,LGTO1,2031-02,68,72,148024.845,8232.75,17.98,576917.967
LGTO1-L1,LGTO1,2031-03,69,72,145691.7602,8102.99,17.98,431226.2068
LGTO1-L1,LGTO1,2031-04,70,72,144955.1196,8062.02,17.98,286271.0872
LGTO1-L1,LGTO1,2031-05,71,72,143727.2654,7993.73,17.98,142543.8218
LGTO1-L1,LGTO1,2031-06,72,72,142543.8218,7927.91,17.98,-0.0
LOAX1-L1,LOAX1,2023-09,1,82,29368.908,1717.48,17.1,24356771.56
LOAX1-L1,LOAX1,2023-10,2,82,28079.6825,1666.45,16.85,24328691.87
LOAX1-L1,LOAX1,2023-11,3,82,140276.7555,8325.03,16.85,24188415.12
LOAX1-L1,LOAX1,2023-12,4,82,146486.3175,8693.55,16.85,24041928.8
LOAX1-L1,LOAX1,2024-01,5,82,136517.6366,7932.46,17.21,23905411.16
LOAX1-L1,LOAX1,2024-02,6,82,140929.6224,8479.52,16.62,23764481.54
LOAX1-L1,LOAX1,2024-03,7,82,163292.6884,8693.55,18.7832,23601188.85
LOAX1-L1,LOAX1,2024-04,8,82,138088.2945,7718.44,17.8907,23463100.56
LOAX1-L1,LOAX1,2024-05,9,82,156780.4,8420.0,18.62,23306320.16
LOAX1-L1,LOAX1,2024-06,10,82,220872.644,11456.05,19.28,23085447.52
LOAX1-L1,LOAX1,2024-07,11,82,425536.0363,21456.5,19.8325,22659911.48
LOAX1-L1,LOAX1,2024-08,12,82,433044.0326,21459.07,20.18,22226867.45
LOAX1-L1,LOAX1,2024-09,13,82,434064.1276,21552.34,20.14,21792803.32
LOAX1-L1,LOAX1,2024-10,14,82,444028.5372,21378.36,20.77,21348774.78
LOAX1-L1,LOAX1,2024-11,15,82,440596.5816,21629.68,20.37,20908178.2
LOAX1-L1,LOAX1,2024-12,16,82,413882.0283,20637.04,20.0553,20494296.17
LOAX1-L1,LOAX1,2025-01,17,82,410846.3299,20885.04,19.6718,20083449.84
LOAX1-L1,LOAX1,2025-02,18,82,414930.5282,21262.46,19.5147,19668519.31
LOAX1-L1,LOAX1,2025-03,19,82,395202.3219,20447.14,19.328,19273316.99
LOAX1-L1,LOAX1,2025-04,20,82,379131.1042,20114.87,18.8483,18894185.89
LOAX1-L1,LOAX1,2025-05,21,82,393451.852,20928.29,18.8,18500734.04
LOAX1-L1,LOAX1,2025-06,22,82,366252.4404,19948.39,18.36,18134481.59
LOAX1-L1,LOAX1,2025-07,23,82,374807.9364,20325.81,18.44,17759673.66
LOAX1-L1,LOAX1,2025-08,24,82,376279.1565,20528.05,18.33,17383394.5
LOAX1-L1,LOAX1,2025-09,25,82,359327.4528,19699.97,18.24,17024067.05
LOAX1-L1,LOAX1,2025-10,26,82,359149.4212,19974.94,17.98,16664917.63
LOAX1-L1,LOAX1,2025-11,27,82,358681.7614,19948.93,17.98,16306235.87
LOAX1-L1,LOAX1,2025-12,28,82,351202.0814,19532.93,17.98,15955033.79
LOAX1-L1,LOAX1,2026-01,29,82,350742.8722,19507.39,17.98,15604290.91
LOAX1-L1,LOAX1,2026-02,30,82,352284.1178,19593.11,17.98,15252006.8
LOAX1-L1,LOAX1,2026-03,31,82,346361.8654,19263.73,17.98,14905644.93
LOAX1-L1,LOAX1,2026-04,32,82,339099.3838,18859.81,17.98,14566545.55
LOAX1-L1,LOAX1,2026-05,33,82,348558.8416,19385.92,17.98,14217986.7
LOAX1-L1,LOAX1,2026-06,34,82,336376.6724,18708.38,17.98,13881610.03
LOAX1-L1,LOAX1,2026-07,35,82,340224.752,18922.4,17.98,13541385.28
LOAX1-L1,LOAX1,2026-08,36,82,339489.1902,18881.49,17.98,13201896.09
LOAX1-L1,LOAX1,2026-09,37,82,333560.6448,18551.76,17.98,12868335.45
LOAX1-L1,LOAX1,2026-10,38,82,338726.119,18839.05,17.98,12529609.33
LOAX1-L1,LOAX1,2026-11,39,82,326037.0936,18133.32,17.98,12203572.23
LOAX1-L1,LOAX1,2026-12,40,82,329086.6814,18302.93,17.98,11874485.55
LOAX1-L1,LOAX1,2027-01,41,82,331680.656,18447.2,17.98,11542804.9
LOAX1-L1,LOAX1,2027-02,42,82,320528.3812,17826.94,17.98,11222276.51
LOAX1-L1,LOAX1,2027-03,43,82,322243.3136,17922.32,17.98,10900033.2
LOAX1-L1,LOAX1,2027-04,44,82,315611.7502,17553.49,17.98,10584421.45
LOAX1-L1,LOAX1,2027-05,45,82,319746.9704,17783.48,17.98,10264674.48
LOAX1-L1,LOAX1,2027-06,46,82,315116.9406,17525.97,17.98,9949557.539
LOAX1-L1,LOAX1,2027-07,47,82,318839.5198,17733.01,17.98,9630718.019
LOAX1-L1,LOAX1,2027-08,48,82,307782.539,17118.05,17.98,9322935.48
LOAX1-L1,LOAX1,2027-09,49,82,311276.4126,17312.37,17.98,9011659.068
LOAX1-L1,LOAX1,2027-10,50,82,311397.9574,17319.13,17.98,8700261.11
LOAX1-L1,LOAX1,2027-11,51,82,303160.0608,16860.96,17.98,8397101.049
LOAX1-L1,LOAX1,2027-12,52,82,304031.911,16909.45,17.98,8093069.138
LOAX1-L1,LOAX1,2028-01,53,82,303236.6556,16865.22,17.98,7789832.483
LOAX1-L1,LOAX1,2028-02,54,82,298722.417,16614.15,17.98,7491110.066
LOAX1-L1,LOAX1,2028-03,55,82,302257.4648,16810.76,17.98,7188852.601
LOAX1-L1,LOAX1,2028-04,56,82,291067.432,16188.4,17.98,6897785.169
LOAX1-L1,LOAX1,2028-05,57,82,292203.0488,16251.56,17.98,6605582.12
LOAX1-L1,LOAX1,2028-06,58,82,290881.5188,16178.06,17.98,6314700.601
LOAX1-L1,LOAX1,2028-07,59,82,290099.9282,16134.59,17.98,6024600.673
LOAX1-L1,LOAX1,2028-08,60,82,286426.4344,15930.28,17.98,5738174.239
LOAX1-L1,LOAX1,2028-09,61,82,288840.2494,16064.53,17.98,5449333.989
LOAX1-L1,LOAX1,2028-10,62,82,280611.163,15606.85,17.98,5168722.826
LOAX1-L1,LOAX1,2028-11,63,82,280843.105,15619.75,17.98,4887879.721
LOAX1-L1,LOAX1,2028-12,64,82,280527.3762,15602.19,17.98,4607352.345
LOAX1-L1,LOAX1,2029-01,65,82,274965.443,15292.85,17.98,4332386.902
LOAX1-L1,LOAX1,2029-02,66,82,275276.6768,15310.16,17.98,4057110.225
LOAX1-L1,LOAX1,2029-03,67,82,273345.445,15202.75,17.98,3783764.78
LOAX1-L1,LOAX1,2029-04,68,82,267835.1144,14896.28,17.98,3515929.666
LOAX1-L1,LOAX1,2029-05,69,82,268730.5184,14946.08,17.98,3247199.148
LOAX1-L1,LOAX1,2029-06,70,82,267857.2298,14897.51,17.98,2979341.918
LOAX1-L1,LOAX1,2029-07,71,82,262916.146,14622.7,17.98,2716425.772
LOAX1-L1,LOAX1,2029-08,72,82,261983.3436,14570.82,17.98,2454442.428
LOAX1-L1,LOAX1,2029-09,73,82,261121.0228,14522.86,17.98,2193321.405
LOAX1-L1,LOAX1,2029-10,74,82,257617.0804,14327.98,17.98,1935704.325
LOAX1-L1,LOAX1,2029-11,75,82,256102.2654,14243.73,17.98,1679602.06
LOAX1-L1,LOAX1,2029-12,76,82,253833.0096,14117.52,17.98,1425769.05
LOAX1-L1,LOAX1,2030-01,77,82,251587.847,13992.65,17.98,1174181.203
LOAX1-L1,LOAX1,2030-02,78,82,250577.1912,13936.44,17.98,923604.0118
LOAX1-L1,LOAX1,2030-03,79,82,247142.292,13745.4,17.98,676461.7198
LOAX1-L1,LOAX1,2030-04,80,82,245090.0548,13631.26,17.98,431371.665
LOAX1-L1,LOAX1,2030-05,81,82,243065.8664,13518.68,17.98,188305.7986
LOAX1-L1,LOAX1,2030-06,82,82,188305.7986,10473.07,17.98,0.0
MEX1-L1,MEX1,2024-12,1,84,108268.93,,,12459123.07
MEX1-L1,MEX1,2025-01,2,84,111557.13,,,12347565.94
MEX1-L1,MEX1,2025-02,3,84,101098.65,,,12246467.29
MEX1-L1,MEX1,2025-03,4,84,195143.35,,,12051323.94
MEX1-L1,MEX1,2025-04,5,84,204267.62,,,11847056.32
MEX1-L1,MEX1,2025-05,6,84,202933.41,,,11644122.91
MEX1-L1,MEX1,2025-06,7,84,198242.16,,,11445880.75
MEX1-L1,MEX1,2025-07,8,84,196950.99,,,11248929.76
MEX1-L1,MEX1,2025-08,9,84,198930.78,,,11049998.98
MEX1-L1,MEX1,2025-09,10,84,197596.57,,,10852402.41
MEX1-L1,MEX1,2025-10,11,84,199447.25,,,10652955.16
MEX1-L1,MEX1,2025-11,12,84,188644.45,,,10464310.71
MEX1-L1,MEX1,2025-12,13,84,193593.95,,,10270716.76
MEX1-L1,MEX1,2026-01,14,84,192259.73,,,10078457.03
MEX1-L1,MEX1,2026-02,15,84,187912.8,,,9890544.23
MEX1-L1,MEX1,2026-03,16,84,180682.24,,,9709861.99
MEX1-L1,MEX1,2026-04,17,84,194110.41,,,9515751.58
MEX1-L1,MEX1,2026-05,18,84,178272.05,,,9337479.53
MEX1-L1,MEX1,2026-06,19,84,185588.69,,,9151890.84
MEX1-L1,MEX1,2026-07,20,84,187052.01,,,8964838.83
MEX1-L1,MEX1,2026-08,21,84,177411.28,,,8787427.55
MEX1-L1,MEX1,2026-09,22,84,181586.06,,,8605841.49
MEX1-L1,MEX1,2026-10,23,84,180251.85,,,8425589.64
MEX1-L1,MEX1,2026-11,24,84,176292.26,,,8249297.38
MEX1-L1,MEX1,2026-12,25,84,182748.11,,,8066549.27
MEX1-L1,MEX1,2027-01,26,84,168631.32,,,7897917.95
MEX1-L1,MEX1,2027-02,27,84,174915.01,,,7723002.94
MEX1-L1,MEX1,2027-03,28,84,176034.02,,,7546968.92
MEX1-L1,MEX1,2027-04,29,84,165016.04,,,7381952.88
MEX1-L1,MEX1,2027-05,30,84,166178.09,,,7215774.79
MEX1-L1,MEX1,2027-06,31,84,169578.17,,,7046196.62
MEX1-L1,MEX1,2027-07,32,84,168243.97,,,6877952.65
MEX1-L1,MEX1,2027-08,33,84,164671.72,,,6713280.93
MEX1-L1,MEX1,2027-09,34,84,169965.53,,,6543315.4
MEX1-L1,MEX1,2027-10,35,84,157785.48,,,6385529.92
MEX1-L1,MEX1,2027-11,36,84,162907.13,,,6222622.79
MEX1-L1,MEX1,2027-12,37,84,163638.79,,,6058984.0
MEX1-L1,MEX1,2028-01,38,84,156193.05,,,5902790.95
MEX1-L1,MEX1,2028-02,39,84,158904.5,,,5743886.45
MEX1-L1,MEX1,2028-03,40,84,157570.29,,,5586316.16
MEX1-L1,MEX1,2028-04,41,84,152448.65,,,5433867.51
MEX1-L1,MEX1,2028-05,42,84,153051.19,,,5280816.32
MEX1-L1,MEX1,2028-06,43,84,155375.3,,,5125441.02
MEX1-L1,MEX1,2028-07,44,84,148704.25,,,4976736.77
MEX1-L1,MEX1,2028-08,45,84,150899.24,,,4825837.53
MEX1-L1,MEX1,2028-09,46,84,149565.03,,,4676272.5
MEX1-L1,MEX1,2028-10,47,84,146595.34,,,4529677.16
MEX1-L1,MEX1,2028-11,48,84,150081.5,,,4379595.66
MEX1-L1,MEX1,2028-12,49,84,142463.59,,,4237132.07
MEX1-L1,MEX1,2029-01,50,84,142721.83,,,4094410.24
MEX1-L1,MEX1,2029-02,51,84,144357.31,,,3950052.93
MEX1-L1,MEX1,2029-03,52,84,137298.92,,,3812754.01
MEX1-L1,MEX1,2029-04,53,84,138848.31,,,3673905.7
MEX1-L1,MEX1,2029-05,54,84,137557.15,,,3536348.55
MEX1-L1,MEX1,2029-06,55,84,137557.14,,,3398791.41
MEX1-L1,MEX1,2029-07,56,84,134974.81,,,3263816.6
MEX1-L1,MEX1,2029-08,57,84,137298.92,,,3126517.68
MEX1-L1,MEX1,2029-09,58,84,131230.41,,,2995287.27
MEX1-L1,MEX1,2029-10,59,84,131101.29,,,2864185.98
MEX1-L1,MEX1,2029-11,60,84,131962.07,,,2732223.91
MEX1-L1,MEX1,2029-12,61,84,128518.96,,,2603704.95
MEX1-L1,MEX1,2030-01,62,84,127227.79,,,2476477.16
MEX1-L1,MEX1,2030-02,63,84,126883.47,,,2349593.69
MEX1-L1,MEX1,2030-03,64,84,122837.81,,,2226755.88
MEX1-L1,MEX1,2030-04,65,84,124215.05,,,2102540.83
MEX1-L1,MEX1,2030-05,66,84,123698.59,,,1978842.24
MEX1-L1,MEX1,2030-06,67,84,119997.23,,,1858845.01
MEX1-L1,MEX1,2030-07,68,84,119480.76,,,1739364.25
MEX1-L1,MEX1,2030-08,69,84,119566.84,,,1619797.41
MEX1-L1,MEX1,2030-09,70,84,116898.42,,,1502898.99
MEX1-L1,MEX1,2030-10,71,84,115607.25,,,1387291.74
MEX1-L1,MEX1,2030-11,72,84,114875.58,,,1272416.16
MEX1-L1,MEX1,2030-12,73,84,113541.38,,,1158874.78
MEX1-L1,MEX1,2031-01,74,84,112680.6,,,1046194.18
MEX1-L1,MEX1,2031-02,75,84,110012.18,,,936182.0
MEX1-L1,MEX1,2031-03,76,84,108376.69,,,827805.31
MEX1-L1,MEX1,2031-04,77,84,108204.54,,,719600.77
MEX1-L1,MEX1,2031-05,78,84,106870.33,,,612730.44
MEX1-L1,MEX1,2031-06,79,84,105277.89,,,507452.55
MEX1-L1,MEX1,2031-07,80,84,103986.72,,,403465.83
MEX1-L1,MEX1,2031-08,81,84,102867.71,,,300598.12
MEX1-L1,MEX1,2031-09,82,84,101533.49,,,199064.63
MEX1-L1,MEX1,2031-10,83,84,100285.36,,,98779.27
MEX1-L1,MEX1,2031-11,84,84,98779.34,,,-0.07
MEX2-L1,MEX2,2025-10,1,84,69494.25,,,9021432.75
MEX2-L1,MEX2,2025-11,2,84,66956.0,,,8954476.75
MEX2-L1,MEX2,2025-12,3,84,73651.6,,,8880825.15
MEX2-L1,MEX2,2026-01,4,84,62492.27,,,8818332.88
MEX2-L1,MEX2,2026-02,5,84,69187.87,,,8749145.01
MEX2-L1,MEX2,2026-03,6,84,62492.27,,,8686652.74
MEX2-L1,MEX2,2026-04,7,84,148342.82,,,8538309.92
MEX2-L1,MEX2,2026-05,8,84,140817.42,,,8397492.5
MEX2-L1,MEX2,2026-06,9,84,144336.9,,,8253155.6
MEX2-L1,MEX2,2026-07,10,84,143449.87,,,8109705.73
MEX2-L1,MEX2,2026-08,11,84,140445.44,,,7969260.29
MEX2-L1,MEX2,2026-09,12,84,145853.43,,,7823406.86
MEX2-L1,MEX2,2026-10,13,84,134608.25,,,7688798.61
MEX2-L1,MEX2,2026-11,14,84,139901.78,,,7548896.83
MEX2-L1,MEX2,2026-12,15,84,141017.71,,,7407879.12
MEX2-L1,MEX2,2027-01,16,84,134179.04,,,7273700.08
MEX2-L1,MEX2,2027-02,17,84,137240.71,,,7136459.37
MEX2-L1,MEX2,2027-03,18,84,130602.33,,,7005857.04
MEX2-L1,MEX2,2027-04,19,84,135466.66,,,6870390.38
MEX2-L1,MEX2,2027-05,20,84,132719.75,,,6737670.63
MEX2-L1,MEX2,2027-06,21,84,137355.16,,,6600315.47
MEX2-L1,MEX2,2027-07,22,84,127397.6,,,6472917.87
MEX2-L1,MEX2,2027-08,23,84,131918.56,,,6340999.31
MEX2-L1,MEX2,2027-09,24,84,132776.97,,,6208222.34
MEX2-L1,MEX2,2027-10,25,84,126710.88,,,6081511.46
MEX2-L1,MEX2,2027-11,26,84,129257.49,,,5952253.97
MEX2-L1,MEX2,2027-12,27,84,128370.47,,,5823883.5
MEX2-L1,MEX2,2028-01,28,84,125852.46,,,5698031.04
MEX2-L1,MEX2,2028-02,29,84,129801.15,,,5568229.89
MEX2-L1,MEX2,2028-03,30,84,120988.14,,,5447241.75
MEX2-L1,MEX2,2028-04,31,84,123277.23,,,5323964.52
MEX2-L1,MEX2,2028-05,32,84,122418.83,,,5201545.69
MEX2-L1,MEX2,2028-06,33,84,123048.32,,,5078497.37
MEX2-L1,MEX2,2028-07,34,84,120702.0,,,4957795.37
MEX2-L1,MEX2,2028-08,35,84,124135.64,,,4833659.73
MEX2-L1,MEX2,2028-09,36,84,117583.11,,,4716076.62
MEX2-L1,MEX2,2028-10,37,84,118126.77,,,4597949.85
MEX2-L1,MEX2,2028-11,38,84,119958.05,,,4477991.8
MEX2-L1,MEX2,2028-12,39,84,116409.95,,,4361581.85
MEX2-L1,MEX2,2029-01,40,84,115551.54,,,4246030.31
MEX2-L1,MEX2,2029-02,41,84,115952.13,,,4130078.18
MEX2-L1,MEX2,2029-03,42,84,111373.95,,,4018704.23
MEX2-L1,MEX2,2029-04,43,84,114178.08,,,3904526.15
MEX2-L1,MEX2,2029-05,44,84,114464.22,,,3790061.93
MEX2-L1,MEX2,2029-06,45,84,110114.94,,,3679946.99
MEX2-L1,MEX2,2029-07,46,84,110401.08,,,3569545.91
MEX2-L1,MEX2,2029-08,47,84,111717.3,,,3457828.61
MEX2-L1,MEX2,2029-09,48,84,108684.26,,,3349144.35
MEX2-L1,MEX2,2029-10,49,84,107825.85,,,3241318.5
MEX2-L1,MEX2,2029-11,50,84,107968.91,,,3133349.59
MEX2-L1,MEX2,2029-12,51,84,107081.89,,,3026267.7
MEX2-L1,MEX2,2030-01,52,84,107139.12,,,2919128.58
MEX2-L1,MEX2,2030-02,53,84,103476.57,,,2815652.01
MEX2-L1,MEX2,2030-03,54,84,101759.75,,,2713892.26
MEX2-L1,MEX2,2030-04,55,84,103533.79,,,2610358.47
MEX2-L1,MEX2,2030-05,56,84,102646.77,,,2507711.7
MEX2-L1,MEX2,2030-06,57,84,100958.56,,,2406753.14
MEX2-L1,MEX2,2030-07,58,84,100100.16,,,2306652.98
MEX2-L1,MEX2,2030-08,59,84,99985.7,,,2206667.28
MEX2-L1,MEX2,2030-09,60,84,99098.67,,,2107568.61
MEX2-L1,MEX2,2030-10,61,84,98898.38,,,2008670.23
MEX2-L1,MEX2,2030-11,62,84,96008.4,,,1912661.83
MEX2-L1,MEX2,2030-12,63,84,96437.6,,,1816224.23
MEX2-L1,MEX2,2031-01,64,84,95550.58,,,1720673.65
MEX2-L1,MEX2,2031-02,65,84,94091.28,,,1626582.37
MEX2-L1,MEX2,2031-03,66,84,92145.56,,,1534436.81
MEX2-L1,MEX2,2031-04,67,84,93919.61,,,1440517.2
MEX2-L1,MEX2,2031-05,68,84,90543.19,,,1349974.01
MEX2-L1,MEX2,2031-06,69,84,91115.46,,,1258858.55
MEX2-L1,MEX2,2031-07,70,84,90657.64,,,1168200.91
MEX2-L1,MEX2,2031-08,71,84,88540.23,,,1079660.68
MEX2-L1,MEX2,2031-09,72,84,88454.39,,,991206.29
MEX2-L1,MEX2,2031-10,73,84,87567.36,,,903638.93
MEX2-L1,MEX2,2031-11,74,84,86365.59,,,817273.34
MEX2-L1,MEX2,2031-12,75,84,86365.59,,,730907.75
MEX2-L1,MEX2,2032-01,76,84,84133.73,,,646774.02
MEX2-L1,MEX2,2032-02,77,84,84019.27,,,562754.75
MEX2-L1,MEX2,2032-03,78,84,82731.66,,,480023.09
MEX2-L1,MEX2,2032-04,79,84,82245.22,,,397777.87
MEX2-L1,MEX2,2032-05,80,84,81215.13,,,316562.74
MEX2-L1,MEX2,2032-06,81,84,80700.08,,,235862.66
MEX2-L1,MEX2,2032-07,82,84,79326.63,,,156536.03
MEX2-L1,MEX2,2032-08,83,84,78697.13,,,77838.9
MEX2-L1,MEX2,2032-09,84,84,77838.48,,,0.42
NL1-L1,NL1,2024-12,1,84,87711.54,,,10093466.46
NL1-L1,NL1,2025-01,2,84,90375.4,,,10003091.06
NL1-L1,NL1,2025-02,3,84,81902.7,,,9921188.36
NL1-L1,NL1,2025-03,4,84,158090.82,,,9763097.54
NL1-L1,NL1,2025-04,5,84,165482.63,,,9597614.91
NL1-L1,NL1,2025-05,6,84,164401.76,,,9433213.15
NL1-L1,NL1,2025-06,7,84,160601.25,,,9272611.9
NL1-L1,NL1,2025-07,8,84,159555.23,,,9113056.67
NL1-L1,NL1,2025-08,9,84,161159.13,,,8951897.54
NL1-L1,NL1,2025-09,10,84,160078.24,,,8791819.3
NL1-L1,NL1,2025-10,11,84,161577.53,,,8630241.77
NL1-L1,NL1,2025-11,12,84,152825.9,,,8477415.87
NL1-L1,NL1,2025-12,13,84,156835.61,,,8320580.26
NL1-L1,NL1,2026-01,14,84,155754.73,,,8164825.53
NL1-L1,NL1,2026-02,15,84,152233.16,,,8012592.37
NL1-L1,NL1,2026-03,16,84,146375.49,,,7866216.88
NL1-L1,NL1,2026-04,17,84,157254.01,,,7708962.87
NL1-L1,NL1,2026-05,18,84,144422.94,,,7564539.93
NL1-L1,NL1,2026-06,19,84,150350.33,,,7414189.6
NL1-L1,NL1,2026-07,20,84,151535.81,,,7262653.79
NL1-L1,NL1,2026-08,21,84,143725.59,,,7118928.2
NL1-L1,NL1,2026-09,22,84,147107.69,,,6971820.51
NL1-L1,NL1,2026-10,23,84,146026.82,,,6825793.69
NL1-L1,NL1,2026-11,24,84,142819.05,,,6682974.64
NL1-L1,NL1,2026-12,25,84,148049.11,,,6534925.53
NL1-L1,NL1,2027-01,26,84,136612.72,,,6398312.81
NL1-L1,NL1,2027-02,27,84,141703.3,,,6256609.51
NL1-L1,NL1,2027-03,28,84,142609.85,,,6113999.66
NL1-L1,NL1,2027-04,29,84,133683.88,,,5980315.78
NL1-L1,NL1,2027-05,30,84,134625.29,,,5845690.49
NL1-L1,NL1,2027-06,31,84,137379.79,,,5708310.7
NL1-L1,NL1,2027-07,32,84,136298.91,,,5572011.79
NL1-L1,NL1,2027-08,33,84,133404.94,,,5438606.85
NL1-L1,NL1,2027-09,34,84,137693.6,,,5300913.25
NL1-L1,NL1,2027-10,35,84,127826.22,,,5173087.03
NL1-L1,NL1,2027-11,36,84,131975.4,,,5041111.63
NL1-L1,NL1,2027-12,37,84,132568.14,,,4908543.49
NL1-L1,NL1,2028-01,38,84,126536.14,,,4782007.35
NL1-L1,NL1,2028-02,39,84,128732.77,,,4653274.58
NL1-L1,NL1,2028-03,40,84,127651.88,,,4525622.7
NL1-L1,NL1,2028-04,41,84,123502.7,,,4402120.0
NL1-L1,NL1,2028-05,42,84,123990.85,,,4278129.15
NL1-L1,NL1,2028-06,43,84,125873.67,,,4152255.48
NL1-L1,NL1,2028-07,44,84,120469.28,,,4031786.2
NL1-L1,NL1,2028-08,45,84,122247.49,,,3909538.71
NL1-L1,NL1,2028-09,46,84,121166.61,,,3788372.1
NL1-L1,NL1,2028-10,47,84,118760.79,,,3669611.31
NL1-L1,NL1,2028-11,48,84,121585.01,,,3548026.3
NL1-L1,NL1,2028-12,49,84,115413.55,,,3432612.75
NL1-L1,NL1,2029-01,50,84,115622.75,,,3316990.0
NL1-L1,NL1,2029-02,51,84,116947.7,,,3200042.3
NL1-L1,NL1,2029-03,52,84,111229.51,,,3088812.79
NL1-L1,NL1,2029-04,53,84,112484.72,,,2976328.07
NL1-L1,NL1,2029-05,54,84,111438.7,,,2864889.37
NL1-L1,NL1,2029-06,55,84,111438.71,,,2753450.66
NL1-L1,NL1,2029-07,56,84,109346.68,,,2644103.98
NL1-L1,NL1,2029-08,57,84,111229.5,,,2532874.48
NL1-L1,NL1,2029-09,58,84,106313.25,,,2426561.23
NL1-L1,NL1,2029-10,59,84,106208.65,,,2320352.58
NL1-L1,NL1,2029-11,60,84,106905.99,,,2213446.59
NL1-L1,NL1,2029-12,61,84,104116.63,,,2109329.96
NL1-L1,NL1,2030-01,62,84,103070.61,,,2006259.35
NL1-L1,NL1,2030-02,63,84,102791.68,,,1903467.67
NL1-L1,NL1,2030-03,64,84,99514.17,,,1803953.5
NL1-L1,NL1,2030-04,65,84,100629.92,,,1703323.58
NL1-L1,NL1,2030-05,66,84,100211.51,,,1603112.07
NL1-L1,NL1,2030-06,67,84,97212.95,,,1505899.12
NL1-L1,NL1,2030-07,68,84,96794.54,,,1409104.58
NL1-L1,NL1,2030-08,69,84,96864.28,,,1312240.3
NL1-L1,NL1,2030-09,70,84,94702.52,,,1217537.78
NL1-L1,NL1,2030-10,71,84,93656.5,,,1123881.28
NL1-L1,NL1,2030-11,72,84,93063.77,,,1030817.51
NL1-L1,NL1,2030-12,73,84,91982.89,,,938834.62
NL1-L1,NL1,2031-01,74,84,91285.55,,,847549.07
NL1-L1,NL1,2031-02,75,84,89123.79,,,758425.28
NL1-L1,NL1,2031-03,76,84,87798.84,,,670626.44
NL1-L1,NL1,2031-04,77,84,87659.38,,,582967.06
NL1-L1,NL1,2031-05,78,84,86578.5,,,496388.56
NL1-L1,NL1,2031-06,79,84,85288.41,,,411100.15
NL1-L1,NL1,2031-07,80,84,84242.41,,,326857.74
NL1-L1,NL1,2031-08,81,84,83335.86,,,243521.88
NL1-L1,NL1,2031-09,82,84,82254.99,,,161266.89
NL1-L1,NL1,2031-10,83,84,81243.84,,,80023.05
NL1-L1,NL1,2031-11,84,84,80023.14,,,-0.09
SLP1-L1,SLP1,2024-06,1,24,36156.51,,,710995.49
SLP1-L1,SLP1,2024-07,2,24,34345.05,,,676650.44
SLP1-L1,SLP1,2024-08,3,24,34810.37,,,641840.07
SLP1-L1,SLP1,2024-09,4,24,34687.9,,,607152.17
SLP1-L1,SLP1,2024-10,5,24,33561.32,,,573590.85
SLP1-L1,SLP1,2024-11,6,24,33671.51,,,539919.34
SLP1-L1,SLP1,2024-12,7,24,33291.89,,,506627.45
SLP1-L1,SLP1,2025-01,8,24,32704.1,,,473923.35
SLP1-L1,SLP1,2025-02,9,24,32924.5,,,440998.85
SLP1-L1,SLP1,2025-03,10,24,31602.01,,,409396.84
SLP1-L1,SLP1,2025-04,11,24,31430.55,,,377966.29
SLP1-L1,SLP1,2025-05,12,24,31234.62,,,346731.67
SLP1-L1,SLP1,2025-06,13,24,31161.12,,,315570.55
SLP1-L1,SLP1,2025-07,14,24,30365.18,,,285205.37
SLP1-L1,SLP1,2025-08,15,24,30254.95,,,254950.42
SLP1-L1,SLP1,2025-09,16,24,29875.33,,,225075.09
SLP1-L1,SLP1,2025-10,17,24,29397.76,,,195677.33
SLP1-L1,SLP1,2025-11,18,24,29287.52,,,166389.81
SLP1-L1,SLP1,2025-12,19,24,28516.08,,,137873.73
SLP1-L1,SLP1,2026-01,20,24,28356.86,,,109516.87
SLP1-L1,SLP1,2026-02,21,24,28026.22,,,81490.65
SLP1-L1,SLP1,2026-03,22,24,27487.44,,,54003.21
SLP1-L1,SLP1,2026-04,23,24,27193.52,,,26809.69
SLP1-L1,SLP1,2026-05,24,24,26810.15,,,-0.46
SLP1-L2,SLP1,2026-06,1,12,12500.0,,,137500.0
SLP1-L2,SLP1,2026-07,2,12,12500.0,,,125000.0
SLP1-L2,SLP1,2026-08,3,12,12500.0,,,112500.0
SLP1-L2,SLP1,2026-09,4,12,12500.0,,,100000.0
SLP1-L2,SLP1,2026-10,5,12,12500.0,,,87500.0
SLP1-L2,SLP1,2026-11,6,12,12500.0,,,75000.0
SLP1-L2,SLP1,2026-12,7,12,12500.0,,,62500.0
SLP1-L2,SLP1,2027-01,8,12,12500.0,,,50000.0
SLP1-L2,SLP1,2027-02,9,12,12500.0,,,37500.0
SLP1-L2,SLP1,2027-03,10,12,12500.0,,,25000.0
SLP1-L2,SLP1,2027-04,11,12,12500.0,,,12500.0
SLP1-L2,SLP1,2027-05,12,12,12500.0,,,0.0
SLP2-L1,SLP2,2024-07,1,63,35889.63,,,3809130.37
SLP2-L1,SLP2,2024-08,2,63,34731.9,,,3774398.47
SLP2-L1,SLP2,2024-09,3,63,39362.82,,,3735035.65
SLP2-L1,SLP2,2024-10,4,63,75658.71,,,3659376.94
SLP2-L1,SLP2,2024-11,5,63,79691.47,,,3579685.47
SLP2-L1,SLP2,2024-12,6,63,80212.44,,,3499473.03
SLP2-L1,SLP2,2025-01,7,63,76295.46,,,3423177.57
SLP2-L1,SLP2,2025-02,8,63,77896.99,,,3345280.58
SLP2-L1,SLP2,2025-03,9,63,74115.08,,,3271165.5
SLP2-L1,SLP2,2025-04,10,63,76700.67,,,3194464.83
SLP2-L1,SLP2,2025-05,11,63,75079.84,,,3119384.99
SLP2-L1,SLP2,2025-06,12,63,77511.08,,,3041873.91
SLP2-L1,SLP2,2025-07,13,63,71953.98,,,2969919.93
SLP2-L1,SLP2,2025-08,14,63,74308.03,,,2895611.9
SLP2-L1,SLP2,2025-09,15,63,74655.34,,,2820956.56
SLP2-L1,SLP2,2025-10,16,63,71259.34,,,2749697.22
SLP2-L1,SLP2,2025-11,17,63,72513.54,,,2677183.68
SLP2-L1,SLP2,2025-12,18,63,71915.39,,,2605268.29
SLP2-L1,SLP2,2026-01,19,63,70448.93,,,2534819.36
SLP2-L1,SLP2,2026-02,20,63,72417.06,,,2462402.3
SLP2-L1,SLP2,2026-03,21,63,68461.49,,,2393940.81
SLP2-L1,SLP2,2026-04,22,63,67091.5,,,2326849.31
SLP2-L1,SLP2,2026-05,23,63,68133.47,,,2258715.84
SLP2-L1,SLP2,2026-06,24,63,69098.24,,,2189617.6
SLP2-L1,SLP2,2026-07,25,63,66223.21,,,2123394.39
SLP2-L1,SLP2,2026-08,26,63,67130.1,,,2056264.29
SLP2-L1,SLP2,2026-09,27,63,66531.94,,,1989732.35
SLP2-L1,SLP2,2026-10,28,63,65239.14,,,1924493.21
SLP2-L1,SLP2,2026-11,29,63,67361.64,,,1857131.57
SLP2-L1,SLP2,2026-12,30,63,62113.27,,,1795018.3
SLP2-L1,SLP2,2027-01,31,63,64139.3,,,1730879.0
SLP2-L1,SLP2,2027-02,32,63,64158.59,,,1666720.41
SLP2-L1,SLP2,2027-03,33,63,61746.66,,,1604973.75
SLP2-L1,SLP2,2027-04,34,63,61187.09,,,1543786.66
SLP2-L1,SLP2,2027-05,35,63,61187.08,,,1482599.58
SLP2-L1,SLP2,2027-06,36,63,61148.5,,,1421451.08
SLP2-L1,SLP2,2027-07,37,63,60029.36,,,1361421.72
SLP2-L1,SLP2,2027-08,38,63,60955.54,,,1300466.18
SLP2-L1,SLP2,2027-09,39,63,58389.24,,,1242076.94
SLP2-L1,SLP2,2027-10,40,63,58292.76,,,1183784.18
SLP2-L1,SLP2,2027-11,41,63,59045.28,,,1124738.9
SLP2-L1,SLP2,2027-12,42,63,56286.02,,,1068452.88
SLP2-L1,SLP2,2028-01,43,63,56961.37,,,1011491.51
SLP2-L1,SLP2,2028-02,44,63,56363.21,,,955128.3
SLP2-L1,SLP2,2028-03,45,63,55031.82,,,900096.48
SLP2-L1,SLP2,2028-04,46,63,56208.84,,,843887.64
SLP2-L1,SLP2,2028-05,47,63,53584.66,,,790302.98
SLP2-L1,SLP2,2028-06,48,63,53661.84,,,736641.14
SLP2-L1,SLP2,2028-07,49,63,53082.98,,,683558.16
SLP2-L1,SLP2,2028-08,50,63,52774.25,,,630783.91
SLP2-L1,SLP2,2028-09,51,63,52176.09,,,578607.82
SLP2-L1,SLP2,2028-10,52,63,51809.48,,,526798.34
SLP2-L1,SLP2,2028-11,53,63,50555.27,,,476243.07
SLP2-L1,SLP2,2028-12,54,63,50188.65,,,426054.42
SLP2-L1,SLP2,2029-01,55,63,49957.1,,,376097.32
SLP2-L1,SLP2,2029-02,56,63,49030.92,,,327066.4
SLP2-L1,SLP2,2029-03,57,63,48181.92,,,278884.48
SLP2-L1,SLP2,2029-04,58,63,48220.51,,,230663.97
SLP2-L1,SLP2,2029-05,59,63,47101.38,,,183562.59
SLP2-L1,SLP2,2029-06,60,63,46792.64,,,136769.95
SLP2-L1,SLP2,2029-07,61,63,46252.36,,,90517.59
SLP2-L1,SLP2,2029-08,62,63,45519.14,,,44998.45
SLP2-L1,SLP2,2029-09,63,63,44998.16,,,0.29
